blades_from_code,catalog_file,coating,code_type,extra_length_mm,form,image_file,image_height_px,image_width_px,material,overall_length_mm,page,product_code,shank_diameter_mm,working_diameter_mm_detected,working_diameter_mm_from_code,x,y,yt_reference
7,LABORATOR (2).pdf,,numeric,0.3,cylindric radial cutter,,,,,4.0,71,010 104 237 003 040,1.0,,4.0,117.43618774414062,471.86961364746094,
2,LABORATOR (2).pdf,,numeric,41.5,radial cutter conical,,,,,4.0,70,010 104 372 415 220,1.0,,22.0,299.50987243652344,754.4095153808594,
7,LABORATOR (2).pdf,,numeric,0.3,cylindric radial cutter,,,,,4.0,71,011 104 237 003 040,1.0,,4.0,438.3997497558594,471.86961364746094,
2,LABORATOR (2).pdf,,numeric,41.2,radial cutter conical,,,,,4.0,70,011 104 372 412 190,1.0,,19.0,117.05619049072266,739.1064147949219,
2,LABORATOR (2).pdf,,numeric,41.2,radial cutter conical,,,,,4.0,70,011 104 372 412 220,1.0,,22.0,117.05619049072266,753.9704284667969,
7,LABORATOR (2).pdf,,numeric,0.0,cylindric radial cutter,,,,,4.0,71,012 104 237 000 060,1.0,,6.0,278.0117721557617,471.86961364746094,
2,LABORATOR (2).pdf,,numeric,41.1,radial cutter conical,,,,,4.0,70,012 104 372 411 190,1.0,,19.0,117.97330093383789,410.27720642089844,
2,LABORATOR (2).pdf,,numeric,41.1,radial cutter conical,,,,,4.0,70,012 104 372 411 220,1.0,,22.0,117.97330093383789,425.14122009277344,
2,LABORATOR (2).pdf,,numeric,41.4,radial cutter conical,,,,,4.0,70,012 104 372 414 170,1.0,,17.0,480.8690643310547,754.4095153808594,
2,LABORATOR (2).pdf,,numeric,41.1,radial cutter conical,all_catalogs_products/laborator-2/images/page70_xref1756.png,168,232,,4.0,70,013 104 372 411 140,1.0,,14.0,278.3655700683594,410.3637237548828,
2,LABORATOR (2).pdf,,numeric,41.1,radial cutter conical,all_catalogs_products/laborator-2/images/page70_xref1756.png,168,232,,4.0,70,013 104 372 411 170,1.0,,17.0,279.3015823364258,425.2277374267578,
2,LABORATOR (2).pdf,,numeric,41.1,radial cutter conical,all_catalogs_products/laborator-2/images/page70_xref1756.png,168,232,,4.0,70,013 104 372 411 190,1.0,,19.0,278.36959075927734,440.53175354003906,
2,LABORATOR (2).pdf,,numeric,27.0,radial cutter conical,all_catalogs_products/laborator-2/images/page68_xref1726.png,184,156,,4.0,68,014 104 372 270 220,1.0,,22.0,328.820068359375,500.7497100830078,
2,LABORATOR (2).pdf,,numeric,27.0,radial cutter conical,all_catalogs_products/laborator-2/images/page68_xref1726.png,184,156,,4.0,68,014 104 372 270 250,1.0,,25.0,158.79608917236328,500.7497100830078,
2,LABORATOR (2).pdf,,numeric,41.0,radial cutter conical,,,,,4.0,72,014 104 372 410 190,1.0,,19.0,122.53468704223633,376.9617156982422,
2,LABORATOR (2).pdf,,numeric,41.2,radial cutter conical,,,,,4.0,72,014 104 372 412 220,1.0,,22.0,283.11065673828125,376.9617156982422,
2,LABORATOR (2).pdf,,numeric,51.3,radial cutter conical,all_catalogs_products/laborator-2/images/page69_xref1739.png,176,325,,0.0,69,014 900 372 513 220,9.0,,22.0,114.5387954711914,754.4078063964844,
2,LABORATOR (2).pdf,,numeric,41.0,radial cutter conical,,,,,0.0,68,015 900 302 410 210,9.0,,21.0,194.80277252197266,319.5290069580078,
2,LABORATOR (2).pdf,,numeric,41.0,radial cutter conical,,,,,0.0,68,015 900 372 410 190,9.0,,19.0,114.57119750976562,319.5290069580078,
2,LABORATOR (2).pdf,,numeric,44.2,radial cutter conical,,,,,4.0,72,016 104 372 442 220,1.0,,22.0,443.50267028808594,376.9617156982422,
7,LABORATOR (2).pdf,,numeric,0.5,cylindric radial cutter,,,,,4.0,71,017 104 237 005 040,1.0,,4.0,278.89768981933594,754.4095153808594,
2,LABORATOR (2).pdf,,numeric,41.5,radial cutter conical,,,,,4.0,71,017 104 372 415 210,1.0,,21.0,118.56608581542969,754.4095153808594,
1,LABORATOR (2).pdf,,numeric,47.3,radial cutter conical,all_catalogs_products/laborator-2/images/page74_xref1804.png,178,225,,0.0,74,019 900 371 473 950,9.0,,95.0,162.19776916503906,429.2613983154297,
1,LABORATOR (2).pdf,,numeric,51.4,radial cutter conical,all_catalogs_products/laborator-2/images/page73_xref1786.png,166,182,,0.0,73,019 900 371 514 450,9.0,,45.0,194.70547485351562,426.4267120361328,
2,LABORATOR (2).pdf,,numeric,21.4,radial cutter conical,all_catalogs_products/laborator-2/images/page73_xref1798.png,185,225,,0.0,73,019 900 372 214 500,9.0,,50.0,114.4695053100586,426.4267120361328,
2,LABORATOR (2).pdf,,numeric,22.3,radial cutter conical,all_catalogs_products/laborator-2/images/page73_xref1798.png,185,225,,0.0,73,019 900 372 223 500,9.0,,50.0,274.29029083251953,721.6881408691406,
2,LABORATOR (2).pdf,,numeric,24.3,radial cutter conical,all_catalogs_products/laborator-2/images/page72_xref1778.png,179,225,,0.0,72,019 900 372 243 480,9.0,,48.0,162.30548095703125,723.8017272949219,
2,LABORATOR (2).pdf,,numeric,24.3,radial cutter conical,all_catalogs_products/laborator-2/images/page73_xref1800.png,188,225,,0.0,73,019 900 372 243 550,9.0,,55.0,314.7858581542969,426.4267120361328,
2,LABORATOR (2).pdf,,numeric,24.3,radial cutter conical,all_catalogs_products/laborator-2/images/page73_xref1798.png,185,225,,0.0,73,019 900 372 243 800,9.0,,80.0,474.657470703125,426.4267120361328,
2,LABORATOR (2).pdf,,numeric,27.0,radial cutter conical,all_catalogs_products/laborator-2/images/page74_xref1810.png,187,217,,0.0,74,019 900 372 270 999,9.0,,99.9,478.77796936035156,739.3533020019531,
2,LABORATOR (2).pdf,,numeric,27.1,radial cutter conical,all_catalogs_products/laborator-2/images/page74_xref1808.png,187,225,,0.0,74,019 900 372 271 999,9.0,,99.9,322.07395935058594,739.3533020019531,
2,LABORATOR (2).pdf,,numeric,27.2,radial cutter conical,all_catalogs_products/laborator-2/images/page74_xref1806.png,188,225,,0.0,74,019 900 372 272 999,9.0,,99.9,162.1419906616211,739.3533020019531,
2,LABORATOR (2).pdf,,numeric,32.5,radial cutter conical,all_catalogs_products/laborator-2/images/page73_xref1798.png,185,225,,0.0,73,019 900 372 325 700,9.0,,70.0,154.26229858398438,721.6881408691406,
2,LABORATOR (2).pdf,,numeric,51.0,radial cutter conical,all_catalogs_products/laborator-2/images/page72_xref1782.png,177,225,,0.0,72,019 900 372 510 480,9.0,,48.0,482.0575256347656,723.8017272949219,
2,LABORATOR (2).pdf,,numeric,51.4,radial cutter conical,all_catalogs_products/laborator-2/images/page72_xref1780.png,180,225,,0.0,72,019 900 372 514 480,9.0,,48.0,322.0694885253906,723.8017272949219,
2,LABORATOR (2).pdf,,numeric,0.1,,,,,,4.0,66,312 204 602 001 023,2.0,,2.3,110.05539321899414,532.9987487792969,
1,LABORATOR (2).pdf,ac-blue,numeric,0.1,,,,,,4.0,66,330 104 601 001 023,1.0,,2.3,202.21536254882812,532.9987487792969,
2,LABORATOR (2).pdf,ac-blue,numeric,43.6,,,,,,4.0,66,330 104 602 436 016,1.0,,1.6,355.22686767578125,363.84181213378906,
3,LABORATOR (2).pdf,ac-blue,numeric,39.1,,,,,,4.0,65,330 104 603 391 050,1.0,,5.0,109.18929672241211,534.0105895996094,
4,LABORATOR (2).pdf,ac-blue,numeric,39.1,,,,,,4.0,65,330 104 604 391 050,1.0,,5.0,448.28277587890625,534.2505187988281,
4,LABORATOR (2).pdf,ac-blue,numeric,39.1,,,,,,4.0,50,330 104 604 391 080,1.0,8.0,8.0,303.4070281982422,722.0266723632812,
4,LABORATOR (2).pdf,ac-blue,numeric,39.5,,,,,,4.0,19,330 104 604 395 050,1.0,,5.0,368.91729736328125,753.9693298339844,
8,LABORATOR (2).pdf,ac-blue,numeric,0.0,,,,,,4.0,66,330 104 608 000 035,1.0,,3.5,274.4209899902344,752.2918395996094,
0,LABORATOR (2).pdf,ac-blue,numeric,41.5,,,,,,4.0,65,330 104 610 415 050,1.0,,5.0,432.49021911621094,754.4680480957031,
0,LABORATOR (2).pdf,ac-blue,numeric,41.8,,,,,,4.0,66,330 104 610 418 023,1.0,,2.3,114.35928726196289,363.77781677246094,
5,LABORATOR (2).pdf,ac-blue,numeric,42.1,,,,,,4.0,65,330 104 615 421 060,1.0,,6.0,236.8578643798828,754.4680480957031,
2,LABORATOR (2).pdf,ac-blue,numeric,44.4,,,,,,4.0,66,330 104 622 444 042,1.0,,4.2,194.6468734741211,363.77781677246094,
3,LABORATOR (2).pdf,ac-blue,numeric,44.3,,,,,,4.0,66,330 104 623 443 023,1.0,,2.3,274.93487548828125,363.77781677246094,
3,LABORATOR (2).pdf,ac-blue,numeric,39.1,,,,,,24.0,65,330 124 603 391 050,1.0,,5.0,250.86126708984375,534.0105895996094,
3,LABORATOR (2).pdf,ac-blue,numeric,39.1,,,,,,4.0,65,330 204 603 391 050,2.0,,5.0,179.9972686767578,534.0105895996094,
7,LABORATOR (2).pdf,ac-blue,numeric,0.0,,,,,,4.0,66,330 204 607 000 050,2.0,,5.0,113.84499740600586,752.2918395996094,
8,LABORATOR (2).pdf,ac-blue,numeric,0.0,,,,,,4.0,66,330 204 608 000 035,2.0,,3.5,354.70899963378906,752.2918395996094,
9,LABORATOR (2).pdf,ac-blue,numeric,0.0,,,,,,4.0,66,330 204 609 000 035,2.0,,3.5,194.1329803466797,752.2918395996094,
5,LABORATOR (2).pdf,ac-blue,numeric,42.1,,,,,,4.0,65,330 204 615 421 060,2.0,,6.0,317.08982849121094,754.4680480957031,
6,LABORATOR (2).pdf,without coating,numeric,10.3,cutter cylindric blunt-edged,,,,tungsten carbide,3.0,30,500 103 136 103 012,1.0,,1.2,436.4142608642578,324.36659240722656,
6,LABORATOR (2).pdf,without coating,numeric,19.1,cutter cylindric blunt-edged,,,,tungsten carbide,3.0,30,500 103 136 191 012,1.0,,1.2,275.8382797241211,324.36659240722656,
6,LABORATOR (2).pdf,without coating,numeric,22.1,cutter cylindric blunt-edged,,,,tungsten carbide,3.0,30,500 103 136 221 012,1.0,,1.2,115.26229858398438,324.36659240722656,
7,LABORATOR (2).pdf,without coating,numeric,10.3,cutter cylindric blunt-edged,all_catalogs_products/laborator-2/images/page30_xref776.png,143,300,tungsten carbide,3.0,30,500 103 137 103 012,1.0,,1.2,275.8381805419922,560.3545227050781,
7,LABORATOR (2).pdf,without coating,numeric,10.3,cutter cylindric blunt-edged,all_catalogs_products/laborator-2/images/page30_xref776.png,143,300,tungsten carbide,3.0,30,500 103 137 103 025,1.0,,2.5,516.7027893066406,324.36659240722656,
7,LABORATOR (2).pdf,without coating,numeric,11.1,cutter cylindric blunt-edged,,,,tungsten carbide,3.0,34,500 103 137 111 010,1.0,,1.0,113.84519577026367,753.9703063964844,
7,LABORATOR (2).pdf,without coating,numeric,11.1,cutter cylindric blunt-edged,,,,tungsten carbide,3.0,34,500 103 137 111 015,1.0,,1.5,194.13717651367188,753.9703063964844,
7,LABORATOR (2).pdf,without coating,numeric,11.1,cutter cylindric blunt-edged,,,,tungsten carbide,3.0,34,500 103 137 111 023,1.0,,2.3,274.42274475097656,753.9703063964844,
7,LABORATOR (2).pdf,without coating,numeric,13.5,cutter cylindric blunt-edged,,,,tungsten carbide,3.0,33,500 103 137 135 007,1.0,,0.7,114.84780883789062,753.9703063964844,
7,LABORATOR (2).pdf,without coating,numeric,13.5,cutter cylindric blunt-edged,,,,tungsten carbide,3.0,33,500 103 137 135 010,1.0,,1.0,195.13617706298828,753.9703063964844,
7,LABORATOR (2).pdf,without coating,numeric,13.5,cutter cylindric blunt-edged,,,,tungsten carbide,3.0,33,500 103 137 135 015,1.0,,1.5,275.4281692504883,753.9703063964844,
7,LABORATOR (2).pdf,without coating,numeric,13.5,cutter cylindric blunt-edged,,,,tungsten carbide,3.0,33,500 103 137 135 023,1.0,,2.3,355.72015380859375,753.9703063964844,
7,LABORATOR (2).pdf,without coating,numeric,19.1,cutter cylindric blunt-edged,,,,tungsten carbide,3.0,33,500 103 137 191 010,1.0,,1.0,114.88788986206055,403.68821716308594,
7,LABORATOR (2).pdf,without coating,numeric,19.1,cutter cylindric blunt-edged,all_catalogs_products/laborator-2/images/page30_xref776.png,143,300,tungsten carbide,3.0,30,500 103 137 191 012,1.0,,1.2,195.5501708984375,560.3545227050781,
7,LABORATOR (2).pdf,without coating,numeric,19.1,cutter cylindric blunt-edged,,,,tungsten carbide,3.0,33,500 103 137 191 015,1.0,,1.5,195.50747680664062,403.68821716308594,
7,LABORATOR (2).pdf,without coating,numeric,19.1,cutter cylindric blunt-edged,,,,tungsten carbide,3.0,33,500 103 137 191 023,1.0,,2.3,275.7998809814453,403.68821716308594,
7,LABORATOR (2).pdf,without coating,numeric,19.1,cutter cylindric blunt-edged,all_catalogs_products/laborator-2/images/page30_xref776.png,143,300,tungsten carbide,3.0,30,500 103 137 191 025,1.0,,2.5,356.1266632080078,324.36659240722656,
7,LABORATOR (2).pdf,without coating,numeric,22.1,cutter cylindric blunt-edged,all_catalogs_products/laborator-2/images/page30_xref776.png,143,300,tungsten carbide,3.0,30,500 103 137 221 012,1.0,,1.2,115.26218795776367,560.3545227050781,
7,LABORATOR (2).pdf,without coating,numeric,22.1,cutter cylindric blunt-edged,all_catalogs_products/laborator-2/images/page30_xref776.png,143,300,tungsten carbide,3.0,30,500 103 137 221 025,1.0,,2.5,195.55067443847656,324.36659240722656,
7,LABORATOR (2).pdf,without coating,numeric,36.5,cutter cylindric blunt-edged,,,,tungsten carbide,3.0,35,500 103 137 365 012,1.0,,1.2,113.5564956665039,753.9703063964844,
7,LABORATOR (2).pdf,without coating,numeric,36.5,cutter cylindric blunt-edged,,,,tungsten carbide,3.0,35,500 103 137 365 025,1.0,,2.5,193.84486389160156,753.9703063964844,
0,LABORATOR (2).pdf,without coating,numeric,10.3,cylindric radial cutter,,,,tungsten carbide,3.0,30,500 103 200 103 016,1.0,,1.6,436.4302673339844,753.6393127441406,
0,LABORATOR (2).pdf,without coating,numeric,10.3,cylindric radial cutter,,,,tungsten carbide,3.0,30,500 103 200 103 029,1.0,,2.9,516.7228088378906,753.6393127441406,
0,LABORATOR (2).pdf,without coating,numeric,11.1,cylindric radial cutter,,,,tungsten carbide,3.0,34,500 103 200 111 022,1.0,,2.2,365.55760192871094,753.9703063964844,
0,LABORATOR (2).pdf,without coating,numeric,13.5,cylindric radial cutter,,,,tungsten carbide,3.0,33,500 103 200 135 022,1.0,,2.2,447.42774963378906,753.9703063964844,
0,LABORATOR (2).pdf,without coating,numeric,19.1,cylindric radial cutter,,,,tungsten carbide,3.0,30,500 103 200 191 016,1.0,,1.6,275.8462905883789,753.6393127441406,
0,LABORATOR (2).pdf,without coating,numeric,19.1,cylindric radial cutter,,,,tungsten carbide,3.0,33,500 103 200 191 022,1.0,,2.2,366.8354797363281,403.68821716308594,
0,LABORATOR (2).pdf,without coating,numeric,19.1,cylindric radial cutter,,,,tungsten carbide,3.0,30,500 103 200 191 029,1.0,,2.9,356.1382751464844,753.6393127441406,
0,LABORATOR (2).pdf,without coating,numeric,22.1,cylindric radial cutter,,,,tungsten carbide,3.0,30,500 103 200 221 016,1.0,,1.6,115.26229858398438,753.6393127441406,
0,LABORATOR (2).pdf,without coating,numeric,22.1,cylindric radial cutter,,,,tungsten carbide,3.0,30,500 103 200 221 029,1.0,,2.9,195.55428314208984,753.6393127441406,
0,LABORATOR (2).pdf,without coating,numeric,36.5,cylindric radial cutter,,,,tungsten carbide,3.0,35,500 103 200 365 016,1.0,,1.6,288.30848693847656,753.9703063964844,
0,LABORATOR (2).pdf,without coating,numeric,36.5,cylindric radial cutter,,,,tungsten carbide,3.0,35,500 103 200 365 029,1.0,,2.9,368.6004943847656,753.9703063964844,
7,LABORATOR (2).pdf,without coating,numeric,36.4,cylindric torus cutter,,,,tungsten carbide,3.0,35,500 103 417 364 009,1.0,,0.9,113.70830154418945,428.7104034423828,
7,LABORATOR (2).pdf,without coating,numeric,36.4,cylindric torus cutter,,,,tungsten carbide,3.0,35,500 103 417 364 010,1.0,,1.0,193.99627685546875,428.7104034423828,
7,LABORATOR (2).pdf,without coating,numeric,36.4,cylindric torus cutter,,,,tungsten carbide,3.0,35,500 103 417 364 012,1.0,,1.2,274.2842712402344,428.7104034423828,
7,LABORATOR (2).pdf,without coating,numeric,36.4,cylindric torus cutter,,,,tungsten carbide,3.0,35,500 103 417 364 015,1.0,,1.5,354.5762634277344,428.7104034423828,
3,LABORATOR (2).pdf,without coating,numeric,15.4,,,,,tungsten carbide,3.0,34,500 103 583 154 040,1.0,,4.0,113.84529495239258,403.68821716308594,
1,LABORATOR (2).pdf,without coating,numeric,0.1,,,,,tungsten carbide,4.0,25,500 104 001 001 003,1.0,0.3,0.3,113.80210494995117,300.5277862548828,
1,LABORATOR (2).pdf,without coating,numeric,0.1,,,,,tungsten carbide,4.0,25,500 104 001 001 004,1.0,,0.4,194.090087890625,300.5277862548828,
1,LABORATOR (2).pdf,without coating,numeric,0.1,,,,,tungsten carbide,4.0,25,500 104 001 001 005,1.0,,0.5,274.3780822753906,300.5277862548828,
1,LABORATOR (2).pdf,without coating,numeric,0.1,,,,,tungsten carbide,4.0,25,500 104 001 001 006,1.0,,0.6,354.6660614013672,300.5277862548828,
1,LABORATOR (2).pdf,without coating,numeric,0.1,,,,,tungsten carbide,4.0,25,500 104 001 001 007,1.0,,0.7,434.9540710449219,300.5277862548828,
1,LABORATOR (2).pdf,without coating,numeric,0.1,,,,,tungsten carbide,4.0,25,500 104 001 001 008,1.0,0.8,0.8,113.80210494995117,426.5146026611328,
1,LABORATOR (2).pdf,without coating,numeric,0.1,,,,,tungsten carbide,4.0,25,500 104 001 001 009,1.0,,0.9,194.090087890625,426.5146026611328,
1,LABORATOR (2).pdf,without coating,numeric,0.1,,,,,tungsten carbide,4.0,25,500 104 001 001 010,1.0,,1.0,274.3780975341797,426.5146026611328,
1,LABORATOR (2).pdf,without coating,numeric,0.1,,,,,tungsten carbide,4.0,25,500 104 001 001 012,1.0,,1.2,354.6660919189453,426.5146026611328,
1,LABORATOR (2).pdf,without coating,numeric,0.1,,,,,tungsten carbide,4.0,25,500 104 001 001 014,1.0,,1.4,434.9580993652344,426.5146026611328,
1,LABORATOR (2).pdf,without coating,numeric,0.1,,,,,tungsten carbide,4.0,25,500 104 001 001 016,1.0,1.6,1.6,113.802001953125,560.4848327636719,
1,LABORATOR (2).pdf,without coating,numeric,0.1,,,,,tungsten carbide,4.0,25,500 104 001 001 018,1.0,,1.8,194.09398651123047,560.4848327636719,
1,LABORATOR (2).pdf,without coating,numeric,0.1,,,,,tungsten carbide,4.0,25,500 104 001 001 021,1.0,,2.1,274.3819885253906,560.4848327636719,
1,LABORATOR (2).pdf,without coating,numeric,0.1,,,,,tungsten carbide,4.0,25,500 104 001 001 023,1.0,,2.3,354.66998291015625,560.4848327636719,
1,LABORATOR (2).pdf,without coating,numeric,0.1,,,,,tungsten carbide,4.0,25,500 104 001 001 027,1.0,,2.7,434.96197509765625,560.4848327636719,
1,LABORATOR (2).pdf,without coating,numeric,14.0,,,,,tungsten carbide,4.0,17,500 104 001 140 010,1.0,1.0,1.0,113.80229568481445,443.0801239013672,
1,LABORATOR (2).pdf,without coating,numeric,14.0,,,,,tungsten carbide,4.0,17,500 104 001 140 014,1.0,,1.4,194.09429931640625,443.0801239013672,
1,LABORATOR (2).pdf,without coating,numeric,14.0,,,,,tungsten carbide,4.0,17,500 104 001 140 023,1.0,,2.3,274.38629150390625,443.0801239013672,
1,LABORATOR (2).pdf,without coating,numeric,17.5,,all_catalogs_products/laborator-2/images/page20_xref534.png,209,175,tungsten carbide,4.0,20,500 104 001 175 031,1.0,3.1,3.1,113.80228042602539,552.6442565917969,
1,LABORATOR (2).pdf,without coating,numeric,17.5,,all_catalogs_products/laborator-2/images/page20_xref534.png,209,175,tungsten carbide,4.0,20,500 104 001 175 040,1.0,,4.0,194.09029388427734,552.6442565917969,
1,LABORATOR (2).pdf,without coating,numeric,17.5,,all_catalogs_products/laborator-2/images/page20_xref534.png,209,175,tungsten carbide,4.0,20,500 104 001 175 050,1.0,,5.0,274.3782958984375,552.6442565917969,
1,LABORATOR (2).pdf,without coating,numeric,19.0,,,,,tungsten carbide,4.0,15,500 104 001 190 023,1.0,2.3,2.3,113.80229568481445,296.2025909423828,
1,LABORATOR (2).pdf,without coating,numeric,19.0,,,,,tungsten carbide,4.0,15,500 104 001 190 040,1.0,,4.0,194.09029388427734,296.2025909423828,
0,LABORATOR (2).pdf,without coating,numeric,0.1,,,,,tungsten carbide,4.0,25,500 104 010 001 010,1.0,1.0,1.0,113.80189514160156,745.4654235839844,
0,LABORATOR (2).pdf,without coating,numeric,0.1,,,,,tungsten carbide,4.0,25,500 104 010 001 012,1.0,,1.2,194.08987426757812,745.4654235839844,
0,LABORATOR (2).pdf,without coating,numeric,0.1,,,,,tungsten carbide,4.0,25,500 104 010 001 014,1.0,,1.4,274.3818817138672,745.4654235839844,
0,LABORATOR (2).pdf,without coating,numeric,0.1,,,,,tungsten carbide,4.0,25,500 104 010 001 016,1.0,,1.6,354.6698760986328,745.4654235839844,
0,LABORATOR (2).pdf,without coating,numeric,0.1,,,,,tungsten carbide,4.0,25,500 104 010 001 018,1.0,,1.8,434.96189880371094,745.4654235839844,
0,LABORATOR (2).pdf,without coating,numeric,13.3,,,,,tungsten carbide,4.0,20,500 104 010 133 010,1.0,1.0,1.0,113.80228424072266,753.9693298339844,
0,LABORATOR (2).pdf,without coating,numeric,13.3,,,,,tungsten carbide,4.0,20,500 104 010 133 014,1.0,,1.4,194.0942840576172,753.9693298339844,
0,LABORATOR (2).pdf,without coating,numeric,13.3,,,,,tungsten carbide,4.0,20,500 104 010 133 018,1.0,,1.8,274.3862762451172,753.9693298339844,
7,LABORATOR (2).pdf,without coating,numeric,0.7,cutter cylindric blunt-edged,,,,tungsten carbide,4.0,26,500 104 107 007 008,1.0,0.8,0.8,113.80240249633789,753.9693298339844,
7,LABORATOR (2).pdf,without coating,numeric,0.7,cutter cylindric blunt-edged,,,,tungsten carbide,4.0,26,500 104 107 007 010,1.0,,1.0,194.09078979492188,753.9693298339844,
7,LABORATOR (2).pdf,without coating,numeric,0.7,cutter cylindric blunt-edged,,,,tungsten carbide,4.0,26,500 104 107 007 012,1.0,,1.2,274.3783874511719,753.9693298339844,
7,LABORATOR (2).pdf,without coating,numeric,0.7,cutter cylindric blunt-edged,,,,tungsten carbide,4.0,26,500 104 107 007 014,1.0,,1.4,354.67079162597656,753.9693298339844,
7,LABORATOR (2).pdf,without coating,numeric,0.7,cutter cylindric blunt-edged,,,,tungsten carbide,4.0,26,500 104 107 007 016,1.0,,1.6,434.95838928222656,753.9693298339844,
0,LABORATOR (2).pdf,without coating,numeric,0.6,cutter cylindric blunt-edged,,,,tungsten carbide,4.0,26,500 104 110 006 010,1.0,1.0,1.0,113.80239486694336,518.2214050292969,
0,LABORATOR (2).pdf,without coating,numeric,0.6,cutter cylindric blunt-edged,,,,tungsten carbide,4.0,26,500 104 110 006 012,1.0,,1.2,194.09039306640625,518.2214050292969,
0,LABORATOR (2).pdf,without coating,numeric,0.6,cutter cylindric blunt-edged,,,,tungsten carbide,4.0,26,500 104 110 006 014,1.0,,1.4,274.38238525390625,518.2214050292969,
0,LABORATOR (2).pdf,without coating,numeric,0.7,cutter cylindric blunt-edged,,,,tungsten carbide,4.0,26,500 104 110 007 010,1.0,1.0,1.0,380.55340576171875,518.2214050292969,
0,LABORATOR (2).pdf,without coating,numeric,0.7,cutter cylindric blunt-edged,,,,tungsten carbide,4.0,26,500 104 110 007 012,1.0,,1.2,460.8414001464844,518.2214050292969,
0,LABORATOR (2).pdf,without coating,numeric,19.0,cutter cylindric blunt-edged,,,,tungsten carbide,4.0,15,500 104 110 190 023,1.0,,2.3,274.3822937011719,296.2025909423828,
7,LABORATOR (2).pdf,without coating,numeric,19.0,cutter cylindric blunt-edged,,,,tungsten carbide,4.0,15,500 104 137 190 060,1.0,,6.0,354.67030334472656,296.2025909423828,
7,LABORATOR (2).pdf,without coating,numeric,22.0,cutter cylindric blunt-edged,,,,tungsten carbide,4.0,12,500 104 137 220 060,1.0,,6.0,288.32627868652344,612.2914123535156,
1,LABORATOR (2).pdf,without coating,numeric,13.4,cutter cylindric blunt-edged,,,,tungsten carbide,4.0,23,500 104 141 134 023,1.0,2.3,2.3,113.80228805541992,394.54270935058594,
1,LABORATOR (2).pdf,without coating,numeric,14.0,cutter cylindric blunt-edged,,,,tungsten carbide,4.0,17,500 104 141 140 023,1.0,,2.3,354.6782989501953,443.0801239013672,
1,LABORATOR (2).pdf,without coating,numeric,15.4,cutter cylindric blunt-edged,,,,tungsten carbide,4.0,22,500 104 141 154 023,1.0,2.3,2.3,113.80228424072266,630.2797546386719,
1,LABORATOR (2).pdf,without coating,numeric,19.0,cutter cylindric blunt-edged,,,,tungsten carbide,4.0,15,500 104 141 190 023,1.0,2.3,2.3,434.95831298828125,296.2025909423828,
3,LABORATOR (2).pdf,without coating,numeric,0.7,cutter cylindric blunt-edged,,,,tungsten carbide,4.0,28,500 104 143 007 010,1.0,,1.0,419.23500061035156,560.2041931152344,
4,LABORATOR (2).pdf,without coating,numeric,11.0,cutter cylindric blunt-edged,,,,tungsten carbide,4.0,18,500 104 144 110 023,1.0,,2.3,113.80230331420898,753.9693298339844,
4,LABORATOR (2).pdf,without coating,numeric,14.0,cutter cylindric blunt-edged,,,,tungsten carbide,4.0,17,500 104 144 140 023,1.0,2.3,2.3,434.96630859375,443.0801239013672,
4,LABORATOR (2).pdf,without coating,numeric,19.0,cutter cylindric blunt-edged,,,,tungsten carbide,4.0,15,500 104 144 190 023,1.0,,2.3,515.2463684082031,296.2025909423828,
1,LABORATOR (2).pdf,without coating,numeric,0.7,cutter cylindric blunt-edged,,,,tungsten carbide,4.0,27,500 104 171 007 009,1.0,0.9,0.9,106.2570915222168,351.85691833496094,
1,LABORATOR (2).pdf,without coating,numeric,0.7,cutter cylindric blunt-edged,,,,tungsten carbide,4.0,27,500 104 171 007 010,1.0,,1.0,171.45305633544922,351.85691833496094,
1,LABORATOR (2).pdf,without coating,numeric,0.7,cutter cylindric blunt-edged,,,,tungsten carbide,4.0,27,500 104 171 007 012,1.0,,1.2,236.6490478515625,351.85691833496094,
1,LABORATOR (2).pdf,without coating,numeric,0.7,cutter cylindric blunt-edged,,,,tungsten carbide,4.0,27,500 104 171 007 016,1.0,,1.6,301.8487091064453,351.85691833496094,
4,LABORATOR (2).pdf,without coating,numeric,0.6,cutter cylindric blunt-edged,,,,tungsten carbide,4.0,27,500 104 194 006 010,1.0,1.0,1.0,392.7939147949219,351.85691833496094,
4,LABORATOR (2).pdf,without coating,numeric,0.6,cutter cylindric blunt-edged,,,,tungsten carbide,4.0,27,500 104 194 006 012,1.0,,1.2,457.9898986816406,351.85691833496094,
4,LABORATOR (2).pdf,without coating,numeric,0.6,cutter cylindric blunt-edged,,,,tungsten carbide,4.0,27,500 104 194 006 016,1.0,,1.6,523.1897125244141,351.85691833496094,
4,LABORATOR (2).pdf,without coating,numeric,11.0,cutter cylindric blunt-edged,,,,tungsten carbide,4.0,18,500 104 194 110 023,1.0,,2.3,194.09062957763672,753.9693298339844,
4,LABORATOR (2).pdf,without coating,numeric,11.0,cutter cylindric blunt-edged,,,,tungsten carbide,4.0,18,500 104 194 110 040,1.0,,4.0,274.38280487060547,753.9693298339844,
4,LABORATOR (2).pdf,without coating,numeric,13.4,cutter cylindric blunt-edged,all_catalogs_products/laborator-2/images/page23_xref628.png,132,196,tungsten carbide,4.0,23,500 104 194 134 023,1.0,,2.3,194.09429168701172,394.54270935058594,
4,LABORATOR (2).pdf,without coating,numeric,13.4,cutter cylindric blunt-edged,all_catalogs_products/laborator-2/images/page23_xref628.png,132,196,tungsten carbide,4.0,23,500 104 194 134 031,1.0,,3.1,274.38228607177734,394.54270935058594,
4,LABORATOR (2).pdf,without coating,numeric,13.4,cutter cylindric blunt-edged,all_catalogs_products/laborator-2/images/page23_xref634.png,269,158,tungsten carbide,4.0,23,500 104 194 134 040,1.0,,4.0,354.67027282714844,394.54270935058594,
4,LABORATOR (2).pdf,without coating,numeric,13.4,cutter cylindric blunt-edged,all_catalogs_products/laborator-2/images/page23_xref628.png,132,196,tungsten carbide,4.0,23,500 104 194 134 070,1.0,,7.0,113.80229949951172,570.7819519042969,
4,LABORATOR (2).pdf,without coating,numeric,14.0,cutter cylindric blunt-edged,,,,tungsten carbide,4.0,17,500 104 194 140 023,1.0,2.3,2.3,515.2543640136719,443.0801239013672,
4,LABORATOR (2).pdf,without coating,numeric,14.0,cutter cylindric blunt-edged,,,,tungsten carbide,4.0,17,500 104 194 140 040,1.0,,4.0,113.80229187011719,609.2011413574219,
4,LABORATOR (2).pdf,without coating,numeric,14.0,cutter cylindric blunt-edged,,,,tungsten carbide,4.0,17,500 104 194 140 050,1.0,,5.0,194.0902862548828,609.2011413574219,
4,LABORATOR (2).pdf,without coating,numeric,15.4,cutter cylindric blunt-edged,,,,tungsten carbide,4.0,22,500 104 194 154 040,1.0,,4.0,194.09429168701172,630.2797546386719,
4,LABORATOR (2).pdf,without coating,numeric,17.5,cutter cylindric blunt-edged,,,,tungsten carbide,4.0,20,500 104 194 175 040,1.0,4.0,4.0,354.6663055419922,552.6442565917969,
4,LABORATOR (2).pdf,without coating,numeric,17.6,cutter cylindric blunt-edged,,,,tungsten carbide,4.0,22,500 104 194 176 040,1.0,,4.0,113.80229568481445,340.1916046142578,
4,LABORATOR (2).pdf,without coating,numeric,19.0,cutter cylindric blunt-edged,,,,tungsten carbide,4.0,15,500 104 194 190 023,1.0,,2.3,113.67329406738281,457.23829650878906,
4,LABORATOR (2).pdf,without coating,numeric,19.0,cutter cylindric blunt-edged,,,,tungsten carbide,4.0,15,500 104 194 190 031,1.0,,3.1,193.96128845214844,457.23829650878906,
4,LABORATOR (2).pdf,without coating,numeric,19.0,cutter cylindric blunt-edged,,,,tungsten carbide,4.0,15,500 104 194 190 040,1.0,,4.0,274.24928283691406,457.23829650878906,
4,LABORATOR (2).pdf,without coating,numeric,19.0,cutter cylindric blunt-edged,,,,tungsten carbide,4.0,15,500 104 194 190 050,1.0,,5.0,354.5372772216797,457.23829650878906,
4,LABORATOR (2).pdf,without coating,numeric,19.0,cutter cylindric blunt-edged,,,,tungsten carbide,4.0,15,500 104 194 190 070,1.0,,7.0,434.82928466796875,457.23829650878906,
4,LABORATOR (2).pdf,without coating,numeric,19.2,cutter cylindric blunt-edged,,,,tungsten carbide,4.0,19,500 104 194 192 040,1.0,,4.0,113.84529113769531,483.35520935058594,
4,LABORATOR (2).pdf,without coating,numeric,22.0,cutter cylindric blunt-edged,all_catalogs_products/laborator-2/images/page12_xref317.png,222,141,tungsten carbide,4.0,12,500 104 194 220 031,1.0,,3.1,363.4426727294922,612.2914123535156,
4,LABORATOR (2).pdf,without coating,numeric,22.0,cutter cylindric blunt-edged,all_catalogs_products/laborator-2/images/page12_xref317.png,222,141,tungsten carbide,4.0,12,500 104 194 220 040,1.0,,4.0,438.5626678466797,612.2914123535156,
4,LABORATOR (2).pdf,without coating,numeric,22.0,cutter cylindric blunt-edged,all_catalogs_products/laborator-2/images/page12_xref317.png,222,141,tungsten carbide,4.0,12,500 104 194 220 050,1.0,,5.0,113.80230331420898,753.9693298339844,
4,LABORATOR (2).pdf,without coating,numeric,22.0,cutter cylindric blunt-edged,all_catalogs_products/laborator-2/images/page12_xref317.png,222,141,tungsten carbide,4.0,12,500 104 194 220 070,1.0,,7.0,194.0942840576172,753.9693298339844,
4,LABORATOR (2).pdf,without coating,numeric,22.3,cutter cylindric blunt-edged,all_catalogs_products/laborator-2/images/page12_xref317.png,222,141,tungsten carbide,4.0,12,500 104 194 223 040,1.0,,4.0,113.80230331420898,323.37928771972656,
4,LABORATOR (2).pdf,without coating,numeric,22.3,cutter cylindric blunt-edged,all_catalogs_products/laborator-2/images/page12_xref317.png,222,141,tungsten carbide,4.0,12,500 104 194 223 070,1.0,,7.0,194.0942840576172,323.37928771972656,
4,LABORATOR (2).pdf,without coating,numeric,22.4,cutter cylindric blunt-edged,,,,tungsten carbide,4.0,19,500 104 194 224 070,1.0,,7.0,194.13368225097656,483.35520935058594,
5,LABORATOR (2).pdf,without coating,numeric,19.0,cutter cylindric blunt-edged,,,,tungsten carbide,4.0,15,500 104 195 190 060,1.0,,6.0,515.121337890625,457.23829650878906,
5,LABORATOR (2).pdf,without coating,numeric,22.3,cutter cylindric blunt-edged,,,,tungsten carbide,4.0,12,500 104 195 223 060,1.0,,6.0,274.3862609863281,323.37928771972656,
6,LABORATOR (2).pdf,without coating,numeric,0.6,cutter cylindric blunt-edged,all_catalogs_products/laborator-2/images/page27_xref721.png,182,272,tungsten carbide,4.0,27,500 104 196 006 009,1.0,0.9,0.9,114.27019500732422,753.8317565917969,
6,LABORATOR (2).pdf,without coating,numeric,0.6,cutter cylindric blunt-edged,all_catalogs_products/laborator-2/images/page27_xref721.png,182,272,tungsten carbide,4.0,27,500 104 196 006 010,1.0,,1.0,194.5581817626953,753.8317565917969,
6,LABORATOR (2).pdf,without coating,numeric,1.5,cutter cylindric blunt-edged,all_catalogs_products/laborator-2/images/page27_xref721.png,182,272,tungsten carbide,4.0,27,500 104 196 015 010,1.0,1.0,1.0,113.8018913269043,597.2143249511719,
6,LABORATOR (2).pdf,without coating,numeric,13.2,cutter cylindric blunt-edged,all_catalogs_products/laborator-2/images/page19_xref505.png,135,178,tungsten carbide,4.0,19,500 104 196 132 010,1.0,,1.0,274.4212951660156,483.35520935058594,
6,LABORATOR (2).pdf,without coating,numeric,13.3,cutter cylindric blunt-edged,all_catalogs_products/laborator-2/images/page27_xref721.png,182,272,tungsten carbide,4.0,27,500 104 196 133 010,1.0,1.0,1.0,460.436767578125,597.6394958496094,
6,LABORATOR (2).pdf,without coating,numeric,14.0,cutter cylindric blunt-edged,all_catalogs_products/laborator-2/images/page27_xref721.png,182,272,tungsten carbide,4.0,27,500 104 196 140 010,1.0,,1.0,283.92189025878906,597.2143249511719,
6,LABORATOR (2).pdf,without coating,numeric,15.4,cutter cylindric blunt-edged,all_catalogs_products/laborator-2/images/page22_xref593.png,192,127,tungsten carbide,4.0,22,500 104 196 154 010,1.0,,1.0,274.3823013305664,630.2797546386719,
7,LABORATOR (2).pdf,without coating,numeric,13.4,cutter cylindric blunt-edged,,,,tungsten carbide,4.0,23,500 104 197 134 014,1.0,,1.4,194.09429168701172,570.7819519042969,
7,LABORATOR (2).pdf,without coating,numeric,14.0,cutter cylindric blunt-edged,,,,tungsten carbide,4.0,17,500 104 197 140 014,1.0,,1.4,274.3782730102539,609.2011413574219,
8,LABORATOR (2).pdf,without coating,numeric,13.4,cutter cylindric blunt-edged,,,,tungsten carbide,4.0,23,500 104 198 134 023,1.0,,2.3,274.38228607177734,570.7819519042969,
8,LABORATOR (2).pdf,without coating,numeric,14.0,cutter cylindric blunt-edged,,,,tungsten carbide,4.0,17,500 104 198 140 016,1.0,,1.6,354.67027282714844,609.2011413574219,
8,LABORATOR (2).pdf,without coating,numeric,14.0,cutter cylindric blunt-edged,,,,tungsten carbide,4.0,17,500 104 198 140 023,1.0,,2.3,434.96229553222656,609.2011413574219,
8,LABORATOR (2).pdf,without coating,numeric,14.2,cutter cylindric blunt-edged,,,,tungsten carbide,4.0,19,500 104 198 142 023,1.0,2.3,2.3,113.84529113769531,619.6892395019531,
8,LABORATOR (2).pdf,without coating,numeric,15.4,cutter cylindric blunt-edged,,,,tungsten carbide,4.0,22,500 104 198 154 016,1.0,,1.6,354.6742706298828,630.2797546386719,
8,LABORATOR (2).pdf,without coating,numeric,15.4,cutter cylindric blunt-edged,,,,tungsten carbide,4.0,22,500 104 198 154 023,1.0,2.3,2.3,113.8023910522461,753.9693298339844,
8,LABORATOR (2).pdf,without coating,numeric,19.0,cutter cylindric blunt-edged,,,,tungsten carbide,4.0,15,500 104 198 190 016,1.0,1.6,1.6,113.75931930541992,608.0537414550781,
8,LABORATOR (2).pdf,without coating,numeric,19.0,cutter cylindric blunt-edged,,,,tungsten carbide,4.0,15,500 104 198 190 023,1.0,,2.3,194.0512924194336,608.0537414550781,
8,LABORATOR (2).pdf,without coating,numeric,19.2,cutter cylindric blunt-edged,,,,tungsten carbide,4.0,19,500 104 198 192 023,1.0,,2.3,194.13328552246094,619.6892395019531,
1,LABORATOR (2).pdf,without coating,numeric,13.4,cylindric radial cutter,all_catalogs_products/laborator-2/images/page23_xref626.png,238,158,tungsten carbide,4.0,23,500 104 201 134 023,1.0,,2.3,354.67027282714844,570.7819519042969,
1,LABORATOR (2).pdf,without coating,numeric,14.0,cylindric radial cutter,,,,tungsten carbide,4.0,17,500 104 201 140 023,1.0,,2.3,515.2503356933594,609.2011413574219,
1,LABORATOR (2).pdf,without coating,numeric,19.0,cylindric radial cutter,,,,tungsten carbide,4.0,15,500 104 201 190 023,1.0,2.3,2.3,274.3393020629883,608.0537414550781,
1,LABORATOR (2).pdf,without coating,numeric,19.0,cylindric radial cutter,,,,tungsten carbide,4.0,15,500 104 201 190 040,1.0,,4.0,354.62730407714844,608.0537414550781,
1,LABORATOR (2).pdf,without coating,numeric,19.0,cylindric radial cutter,,,,tungsten carbide,4.0,15,500 104 201 190 060,1.0,,6.0,434.915283203125,608.0537414550781,
5,LABORATOR (2).pdf,without coating,numeric,14.0,cylindric radial cutter,,,,tungsten carbide,4.0,17,500 104 225 140 014,1.0,1.4,1.4,113.80229187011719,753.9693298339844,
5,LABORATOR (2).pdf,without coating,numeric,19.0,cylindric radial cutter,,,,tungsten carbide,4.0,15,500 104 225 190 023,1.0,,2.3,515.2033386230469,608.0537414550781,
7,LABORATOR (2).pdf,without coating,numeric,0.6,cylindric radial cutter,,,,tungsten carbide,4.0,26,500 104 237 006 006,1.0,0.6,0.6,113.8025131225586,323.1486358642578,
7,LABORATOR (2).pdf,without coating,numeric,0.6,cylindric radial cutter,,,,tungsten carbide,4.0,26,500 104 237 006 008,1.0,,0.8,194.09050750732422,323.1486358642578,
7,LABORATOR (2).pdf,without coating,numeric,13.4,cylindric radial cutter,,,,tungsten carbide,4.0,23,500 104 237 134 023,1.0,,2.3,434.9582977294922,570.7819519042969,
7,LABORATOR (2).pdf,without coating,numeric,14.0,cylindric radial cutter,,,,tungsten carbide,4.0,17,500 104 237 140 014,1.0,,1.4,194.0902862548828,753.9693298339844,
7,LABORATOR (2).pdf,without coating,numeric,14.0,cylindric radial cutter,,,,tungsten carbide,4.0,17,500 104 237 140 023,1.0,,2.3,274.38228607177734,753.9693298339844,
7,LABORATOR (2).pdf,without coating,numeric,19.0,cylindric radial cutter,,,,tungsten carbide,4.0,15,500 104 237 190 023,1.0,2.3,2.3,113.75929641723633,754.8464050292969,
7,LABORATOR (2).pdf,without coating,numeric,19.0,cylindric radial cutter,,,,tungsten carbide,4.0,15,500 104 237 190 029,1.0,,2.9,194.04729461669922,754.8464050292969,
7,LABORATOR (2).pdf,without coating,numeric,19.0,cylindric radial cutter,,,,tungsten carbide,4.0,15,500 104 237 190 040,1.0,,4.0,274.33528900146484,754.8464050292969,
7,LABORATOR (2).pdf,without coating,numeric,19.0,cylindric radial cutter,,,,tungsten carbide,4.0,15,500 104 237 190 060,1.0,6.0,6.0,354.623291015625,754.8464050292969,
7,LABORATOR (2).pdf,without coating,numeric,19.2,cylindric radial cutter,all_catalogs_products/laborator-2/images/page19_xref507.png,135,178,tungsten carbide,4.0,19,500 104 237 192 023,1.0,2.3,2.3,274.4212875366211,619.6892395019531,
7,LABORATOR (2).pdf,without coating,numeric,22.0,cylindric radial cutter,,,,tungsten carbide,4.0,12,500 104 237 220 060,1.0,,6.0,274.3858871459961,753.9693298339844,
7,LABORATOR (2).pdf,without coating,numeric,14.0,cylindric radial cutter,,,,tungsten carbide,4.0,17,500 104 257 140 060,1.0,,6.0,354.6702575683594,753.9693298339844,
7,LABORATOR (2).pdf,without coating,numeric,17.6,cylindric radial cutter,,,,tungsten carbide,4.0,22,500 104 257 176 060,1.0,,6.0,194.09029388427734,340.1916046142578,
7,LABORATOR (2).pdf,without coating,numeric,19.0,cylindric radial cutter,,,,tungsten carbide,4.0,15,500 104 257 190 060,1.0,,6.0,434.9112854003906,754.8464050292969,
3,LABORATOR (2).pdf,without coating,numeric,13.4,cylindric radial cutter,,,,tungsten carbide,4.0,23,500 104 263 134 040,1.0,4.0,4.0,113.80229568481445,753.9693298339844,
3,LABORATOR (2).pdf,without coating,numeric,14.0,cylindric radial cutter,,,,tungsten carbide,4.0,17,500 104 263 140 040,1.0,,4.0,434.95826721191406,753.9693298339844,
3,LABORATOR (2).pdf,without coating,numeric,14.0,cylindric radial cutter,,,,tungsten carbide,4.0,17,500 104 263 140 060,1.0,,6.0,515.2463226318359,753.9693298339844,
3,LABORATOR (2).pdf,without coating,numeric,15.4,cylindric radial cutter,,,,tungsten carbide,4.0,22,500 104 263 154 040,1.0,,4.0,194.0904083251953,753.9693298339844,
3,LABORATOR (2).pdf,without coating,numeric,19.0,cylindric radial cutter,,,,tungsten carbide,4.0,15,500 104 263 190 040,1.0,,4.0,515.1993560791016,754.8464050292969,
3,LABORATOR (2).pdf,without coating,numeric,19.0,cylindric radial cutter,,,,tungsten carbide,4.0,16,500 104 263 190 060,1.0,,6.0,113.63029861450195,298.49220275878906,
3,LABORATOR (2).pdf,without coating,numeric,22.0,cylindric radial cutter,,,,tungsten carbide,4.0,12,500 104 263 220 060,1.0,,6.0,354.6738586425781,753.9693298339844,
4,LABORATOR (2).pdf,without coating,numeric,13.4,cylindric radial cutter,,,,tungsten carbide,4.0,23,500 104 274 134 040,1.0,,4.0,194.09029388427734,753.9693298339844,
4,LABORATOR (2).pdf,without coating,numeric,13.4,cylindric radial cutter,,,,tungsten carbide,4.0,23,500 104 274 134 060,1.0,,6.0,274.3782958984375,753.9693298339844,
4,LABORATOR (2).pdf,without coating,numeric,14.0,cylindric radial cutter,,,,tungsten carbide,4.0,18,500 104 274 140 040,1.0,4.0,4.0,113.80219650268555,273.6466827392578,
4,LABORATOR (2).pdf,without coating,numeric,14.0,cylindric radial cutter,,,,tungsten carbide,4.0,18,500 104 274 140 060,1.0,,6.0,194.09020233154297,273.6466827392578,
4,LABORATOR (2).pdf,without coating,numeric,15.4,cylindric radial cutter,all_catalogs_products/laborator-2/images/page22_xref595.png,135,196,tungsten carbide,4.0,22,500 104 274 154 040,1.0,4.0,4.0,274.37841033935547,753.9693298339844,
4,LABORATOR (2).pdf,without coating,numeric,15.4,cylindric radial cutter,all_catalogs_products/laborator-2/images/page22_xref595.png,135,196,tungsten carbide,4.0,22,500 104 274 154 060,1.0,,6.0,354.6664123535156,753.9693298339844,
4,LABORATOR (2).pdf,without coating,numeric,17.5,cylindric radial cutter,,,,tungsten carbide,4.0,20,500 104 274 175 060,1.0,,6.0,434.9542999267578,552.6442565917969,
4,LABORATOR (2).pdf,without coating,numeric,17.6,cylindric radial cutter,all_catalogs_products/laborator-2/images/page22_xref595.png,135,196,tungsten carbide,4.0,22,500 104 274 176 060,1.0,,6.0,274.3782958984375,340.1916046142578,
4,LABORATOR (2).pdf,without coating,numeric,19.0,cylindric radial cutter,,,,tungsten carbide,4.0,16,500 104 274 190 040,1.0,,4.0,193.91829681396484,298.49220275878906,
4,LABORATOR (2).pdf,without coating,numeric,19.0,cylindric radial cutter,,,,tungsten carbide,4.0,16,500 104 274 190 060,1.0,,6.0,274.206298828125,298.49220275878906,
4,LABORATOR (2).pdf,without coating,numeric,19.2,cylindric radial cutter,,,,tungsten carbide,4.0,19,500 104 274 192 060,1.0,,6.0,354.70928955078125,619.6892395019531,
4,LABORATOR (2).pdf,without coating,numeric,22.0,cylindric radial cutter,,,,tungsten carbide,4.0,12,500 104 274 220 060,1.0,,6.0,434.9618377685547,753.9693298339844,
4,LABORATOR (2).pdf,without coating,numeric,22.3,cylindric radial cutter,,,,tungsten carbide,4.0,12,500 104 274 223 060,1.0,,6.0,354.67384338378906,323.37928771972656,
6,LABORATOR (2).pdf,without coating,numeric,19.0,cylindric radial cutter,,,,tungsten carbide,4.0,16,500 104 276 190 040,1.0,,4.0,354.498291015625,298.49220275878906,
7,LABORATOR (2).pdf,without coating,numeric,11.0,cylindric radial cutter,,,,tungsten carbide,4.0,18,500 104 277 110 014,1.0,,1.4,354.6750183105469,753.9693298339844,
7,LABORATOR (2).pdf,without coating,numeric,13.4,cylindric radial cutter,,,,tungsten carbide,4.0,23,500 104 277 134 014,1.0,,1.4,354.6662902832031,753.9693298339844,
7,LABORATOR (2).pdf,without coating,numeric,14.0,cylindric radial cutter,,,,tungsten carbide,4.0,18,500 104 277 140 014,1.0,1.4,1.4,113.80219650268555,385.3256072998047,
7,LABORATOR (2).pdf,without coating,numeric,14.0,cylindric radial cutter,,,,tungsten carbide,4.0,18,500 104 277 140 018,1.0,,1.8,194.09061431884766,385.3256072998047,
7,LABORATOR (2).pdf,without coating,numeric,14.0,cylindric radial cutter,,,,tungsten carbide,4.0,18,500 104 277 140 023,1.0,,2.3,274.3793029785156,385.3256072998047,
7,LABORATOR (2).pdf,without coating,numeric,14.0,cylindric radial cutter,,,,tungsten carbide,4.0,18,500 104 277 140 040,1.0,4.0,4.0,113.80215835571289,510.6444854736328,
7,LABORATOR (2).pdf,without coating,numeric,14.2,cylindric radial cutter,,,,tungsten carbide,4.0,19,500 104 277 142 014,1.0,1.4,1.4,113.84529113769531,753.9693298339844,
7,LABORATOR (2).pdf,without coating,numeric,15.4,cylindric radial cutter,,,,tungsten carbide,4.0,22,500 104 277 154 014,1.0,,1.4,434.95440673828125,753.9693298339844,
7,LABORATOR (2).pdf,without coating,numeric,17.6,cylindric radial cutter,,,,tungsten carbide,4.0,22,500 104 277 176 040,1.0,,4.0,354.67030334472656,340.1916046142578,
7,LABORATOR (2).pdf,without coating,numeric,19.0,cylindric radial cutter,,,,tungsten carbide,4.0,16,500 104 277 190 014,1.0,,1.4,434.79026794433594,298.49220275878906,
7,LABORATOR (2).pdf,without coating,numeric,19.0,cylindric radial cutter,,,,tungsten carbide,4.0,16,500 104 277 190 023,1.0,,2.3,515.0823516845703,298.49220275878906,
7,LABORATOR (2).pdf,without coating,numeric,19.0,cylindric radial cutter,,,,tungsten carbide,4.0,16,500 104 277 190 040,1.0,4.0,4.0,113.63029098510742,443.0801239013672,
7,LABORATOR (2).pdf,without coating,numeric,19.0,cylindric radial cutter,,,,tungsten carbide,4.0,16,500 104 277 190 060,1.0,,6.0,193.9182891845703,443.0801239013672,
8,LABORATOR (2).pdf,without coating,numeric,14.0,cylindric radial cutter,,,,tungsten carbide,4.0,18,500 104 278 140 040,1.0,,4.0,194.0916748046875,510.6444854736328,
8,LABORATOR (2).pdf,without coating,numeric,19.0,cylindric radial cutter,,,,tungsten carbide,4.0,16,500 104 278 190 040,1.0,,4.0,274.20628356933594,443.0801239013672,
9,LABORATOR (2).pdf,without coating,numeric,11.0,cylindric radial cutter,all_catalogs_products/laborator-2/images/page18_xref482.png,135,178,tungsten carbide,4.0,18,500 104 289 110 023,1.0,,2.3,434.96722412109375,753.9693298339844,
9,LABORATOR (2).pdf,without coating,numeric,13.4,cylindric radial cutter,,,,tungsten carbide,4.0,23,500 104 289 134 023,1.0,,2.3,434.9542999267578,753.9693298339844,
9,LABORATOR (2).pdf,without coating,numeric,14.0,cylindric radial cutter,all_catalogs_products/laborator-2/images/page18_xref482.png,135,178,tungsten carbide,4.0,18,500 104 289 140 010,1.0,,1.0,274.3792953491211,510.6444854736328,
9,LABORATOR (2).pdf,without coating,numeric,14.0,cylindric radial cutter,all_catalogs_products/laborator-2/images/page18_xref482.png,135,178,tungsten carbide,4.0,18,500 104 289 140 012,1.0,,1.2,354.6676330566406,510.6444854736328,
9,LABORATOR (2).pdf,without coating,numeric,14.0,cylindric radial cutter,all_catalogs_products/laborator-2/images/page18_xref482.png,135,178,tungsten carbide,4.0,18,500 104 289 140 023,1.0,,2.3,434.9570007324219,510.6444854736328,
9,LABORATOR (2).pdf,without coating,numeric,14.2,cylindric radial cutter,,,,tungsten carbide,4.0,19,500 104 289 142 023,1.0,,2.3,194.13329315185547,753.9693298339844,
9,LABORATOR (2).pdf,without coating,numeric,15.4,cylindric radial cutter,,,,tungsten carbide,4.0,22,500 104 289 154 023,1.0,,2.3,515.2424621582031,753.9693298339844,
9,LABORATOR (2).pdf,without coating,numeric,19.0,cylindric radial cutter,,,,tungsten carbide,4.0,16,500 104 289 190 023,1.0,,2.3,354.49827575683594,443.0801239013672,
9,LABORATOR (2).pdf,without coating,numeric,19.2,cylindric radial cutter,,,,tungsten carbide,4.0,19,500 104 289 192 023,1.0,2.3,2.3,274.42130279541016,753.9693298339844,
2,LABORATOR (2).pdf,without coating,numeric,14.0,cylindric radial cutter,,,,tungsten carbide,4.0,18,500 104 292 140 023,1.0,,2.3,515.2455444335938,510.6444854736328,
2,LABORATOR (2).pdf,without coating,numeric,19.0,cylindric radial cutter,,,,tungsten carbide,4.0,16,500 104 292 190 023,1.0,,2.3,434.78627014160156,443.0801239013672,
6,LABORATOR (2).pdf,without coating,numeric,21.1,cylindric radial cutter,,,,tungsten carbide,4.0,28,500 104 296 211 010,1.0,,1.0,114.21859741210938,575.5072937011719,
8,LABORATOR (2).pdf,without coating,numeric,21.1,cylindric torus cutter,,,,tungsten carbide,4.0,28,500 104 468 211 023,1.0,,2.3,113.62998962402344,381.9080047607422,
8,LABORATOR (2).pdf,without coating,numeric,44.4,cylindric torus cutter,,,,tungsten carbide,4.0,28,500 104 468 444 023,1.0,,2.3,193.92196655273438,381.9080047607422,
5,LABORATOR (2).pdf,without coating,numeric,33.6,,,,,tungsten carbide,4.0,28,500 104 685 336 023,1.0,,2.3,274.2103576660156,381.9080047607422,
6,LABORATOR (2).pdf,without coating,numeric,10.3,cutter cylindric blunt-edged,,,,tungsten carbide,23.0,30,500 123 136 103 012,1.0,,1.2,436.4142608642578,339.6697235107422,
6,LABORATOR (2).pdf,without coating,numeric,19.1,cutter cylindric blunt-edged,,,,tungsten carbide,23.0,30,500 123 136 191 012,1.0,,1.2,275.8382568359375,339.6697235107422,
6,LABORATOR (2).pdf,without coating,numeric,22.1,cutter cylindric blunt-edged,,,,tungsten carbide,23.0,30,500 123 136 221 012,1.0,,1.2,115.26229476928711,339.6697235107422,
7,LABORATOR (2).pdf,without coating,numeric,10.3,cutter cylindric blunt-edged,,,,tungsten carbide,23.0,30,500 123 137 103 012,1.0,,1.2,275.83827209472656,575.6575622558594,
7,LABORATOR (2).pdf,without coating,numeric,10.3,cutter cylindric blunt-edged,,,,tungsten carbide,23.0,30,500 123 137 103 025,1.0,,2.5,516.7028045654297,339.6697235107422,
7,LABORATOR (2).pdf,without coating,numeric,19.1,cutter cylindric blunt-edged,,,,tungsten carbide,23.0,30,500 123 137 191 012,1.0,,1.2,195.55026245117188,575.6575622558594,
7,LABORATOR (2).pdf,without coating,numeric,19.1,cutter cylindric blunt-edged,,,,tungsten carbide,23.0,30,500 123 137 191 025,1.0,,2.5,356.1266632080078,339.6697235107422,
7,LABORATOR (2).pdf,without coating,numeric,22.1,cutter cylindric blunt-edged,,,,tungsten carbide,23.0,30,500 123 137 221 012,1.0,,1.2,115.26229858398438,575.6575622558594,
7,LABORATOR (2).pdf,without coating,numeric,22.1,cutter cylindric blunt-edged,,,,tungsten carbide,23.0,30,500 123 137 221 025,1.0,,2.5,195.55066680908203,339.6697235107422,
0,LABORATOR (2).pdf,without coating,numeric,10.3,cylindric radial cutter,,,,tungsten carbide,23.0,30,500 123 200 103 016,1.0,,1.6,436.43035888671875,768.9424133300781,
0,LABORATOR (2).pdf,without coating,numeric,10.3,cylindric radial cutter,,,,tungsten carbide,23.0,30,500 123 200 103 029,1.0,,2.9,516.7224731445312,768.9424133300781,
0,LABORATOR (2).pdf,without coating,numeric,19.1,cylindric radial cutter,,,,tungsten carbide,23.0,30,500 123 200 191 016,1.0,,1.6,275.8463821411133,768.9424133300781,
0,LABORATOR (2).pdf,without coating,numeric,19.1,cylindric radial cutter,,,,tungsten carbide,23.0,30,500 123 200 191 029,1.0,,2.9,356.13836669921875,768.9424133300781,
0,LABORATOR (2).pdf,without coating,numeric,22.1,cylindric radial cutter,,,,tungsten carbide,23.0,30,500 123 200 221 016,1.0,,1.6,115.26239013671875,768.9424133300781,
0,LABORATOR (2).pdf,without coating,numeric,22.1,cylindric radial cutter,,,,tungsten carbide,23.0,30,500 123 200 221 029,1.0,,2.9,195.55437469482422,768.9424133300781,
6,LABORATOR (2).pdf,without coating,numeric,17.1,cylindric radial cutter,,,,tungsten carbide,14.0,28,500 314 296 171 010,3.0,,1.0,194.50747680664062,575.5072937011719,
6,LABORATOR (2).pdf,,numeric,31.4,,,,,tungsten carbide,14.0,39,518 014 806 314 277,0.0,,27.7,286.9567184448242,753.9733276367188,
6,LABORATOR (2).pdf,,numeric,31.4,,,,,tungsten carbide,21.0,39,518 021 806 314 697,0.0,,69.7,219.45348358154297,753.9733276367188,
6,LABORATOR (2).pdf,,numeric,31.4,,,,,tungsten carbide,23.0,39,528 023 806 314 697,0.0,,69.7,425.7375793457031,753.9693298339844,
4,LABORATOR (2).pdf,ac-blue,numeric,14.0,cutter cylindric blunt-edged,,,,tungsten carbide,4.0,16,530 104 194 140 023,1.0,,2.3,114.22529220581055,753.9693298339844,
4,LABORATOR (2).pdf,ac-blue,numeric,14.0,cutter cylindric blunt-edged,,,,tungsten carbide,4.0,16,530 104 194 140 040,1.0,,4.0,194.51729583740234,753.9693298339844,
4,LABORATOR (2).pdf,ac-blue,numeric,19.0,cutter cylindric blunt-edged,,,,tungsten carbide,4.0,14,530 104 194 190 023,1.0,,2.3,114.11308670043945,606.1447448730469,
4,LABORATOR (2).pdf,ac-blue,numeric,19.0,cutter cylindric blunt-edged,,,,tungsten carbide,4.0,14,530 104 194 190 040,1.0,,4.0,194.4011001586914,606.1447448730469,
4,LABORATOR (2).pdf,ac-blue,numeric,22.0,cutter cylindric blunt-edged,,,,tungsten carbide,4.0,12,530 104 194 220 040,1.0,,4.0,113.80229949951172,612.2915344238281,
8,LABORATOR (2).pdf,ac-blue,numeric,14.0,cutter cylindric blunt-edged,,,,tungsten carbide,4.0,16,530 104 198 140 023,1.0,,2.3,274.8093032836914,753.9693298339844,
8,LABORATOR (2).pdf,ac-blue,numeric,19.0,cutter cylindric blunt-edged,,,,tungsten carbide,4.0,14,530 104 198 190 023,1.0,,2.3,274.68910217285156,606.1447448730469,
4,LABORATOR (2).pdf,ac-blue,numeric,14.0,cylindric radial cutter,,,,tungsten carbide,4.0,16,530 104 274 140 060,1.0,,6.0,355.0972900390625,753.9693298339844,
4,LABORATOR (2).pdf,ac-blue,numeric,19.0,cylindric radial cutter,,,,tungsten carbide,4.0,14,530 104 274 190 060,1.0,,6.0,354.9770812988281,606.1447448730469,
4,LABORATOR (2).pdf,ac-blue,numeric,22.0,cylindric radial cutter,,,,tungsten carbide,4.0,12,530 104 274 220 060,1.0,,6.0,194.0902862548828,612.2915344238281,
7,LABORATOR (2).pdf,ac-blue,numeric,14.0,cylindric radial cutter,,,,tungsten carbide,4.0,16,530 104 277 140 014,1.0,,1.4,435.3852996826172,753.9693298339844,
7,LABORATOR (2).pdf,ac-blue,numeric,14.0,cylindric radial cutter,,,,tungsten carbide,4.0,17,530 104 277 140 023,1.0,2.3,2.3,113.80219268798828,289.59169006347656,
7,LABORATOR (2).pdf,ac-blue,numeric,19.0,cylindric radial cutter,,,,tungsten carbide,4.0,14,530 104 277 190 014,1.0,1.4,1.4,114.11298751831055,754.8464050292969,
7,LABORATOR (2).pdf,ac-blue,numeric,19.0,cylindric radial cutter,,,,tungsten carbide,4.0,14,530 104 277 190 023,1.0,,2.3,194.40499877929688,754.8464050292969,
8,LABORATOR (2).pdf,ac-blue,numeric,14.0,cylindric radial cutter,,,,tungsten carbide,4.0,17,530 104 278 140 040,1.0,,4.0,194.0901870727539,289.59169006347656,
8,LABORATOR (2).pdf,ac-blue,numeric,19.0,cylindric radial cutter,,,,tungsten carbide,4.0,14,530 104 278 190 040,1.0,,4.0,274.69300079345703,754.8464050292969,
9,LABORATOR (2).pdf,ac-blue,numeric,14.0,cylindric radial cutter,all_catalogs_products/laborator-2/images/page17_xref459.png,183,274,tungsten carbide,4.0,17,530 104 289 140 023,1.0,,2.3,274.38218688964844,289.59169006347656,
9,LABORATOR (2).pdf,ac-blue,numeric,19.0,cylindric radial cutter,,,,tungsten carbide,4.0,14,530 104 289 190 023,1.0,,2.3,354.98500061035156,754.8464050292969,
7,LABORATOR (2).pdf,,numeric,51.4,cutter cylindric blunt-edged,all_catalogs_products/laborator-2/images/page59_xref1530.png,235,164,,4.0,59,615 104 107 514 050,1.0,,5.0,354.74359130859375,742.2918395996094,
7,LABORATOR (2).pdf,,numeric,51.4,cutter cylindric blunt-edged,all_catalogs_products/laborator-2/images/page59_xref1530.png,235,164,,4.0,59,615 104 107 514 065,1.0,,6.5,435.0315704345703,742.2918395996094,
7,LABORATOR (2).pdf,,numeric,52.4,cutter cylindric blunt-edged,all_catalogs_products/laborator-2/images/page59_xref1530.png,235,164,,4.0,59,615 104 107 524 050,1.0,,5.0,114.03460311889648,423.57151794433594,
7,LABORATOR (2).pdf,,numeric,52.4,cutter cylindric blunt-edged,all_catalogs_products/laborator-2/images/page59_xref1530.png,235,164,,4.0,59,615 104 107 524 065,1.0,,6.5,194.2666015625,423.57151794433594,
3,LABORATOR (2).pdf,,numeric,51.4,cutter cylindric blunt-edged,,,,,4.0,59,615 104 173 514 035,1.0,,3.5,515.3236846923828,742.2918395996094,
3,LABORATOR (2).pdf,,numeric,52.4,cutter cylindric blunt-edged,,,,,4.0,59,615 104 173 524 035,1.0,,3.5,274.55857849121094,423.57151794433594,
7,LABORATOR (2).pdf,,numeric,52.4,cutter cylindric blunt-edged,,,,,4.0,59,625 104 107 524 050,1.0,,5.0,113.87160110473633,742.2918395996094,
7,LABORATOR (2).pdf,,numeric,52.4,cutter cylindric blunt-edged,,,,,4.0,59,625 104 107 524 065,1.0,,6.5,194.15919494628906,742.2918395996094,
3,LABORATOR (2).pdf,,numeric,52.4,cutter cylindric blunt-edged,,,,,4.0,59,625 104 173 524 035,1.0,,3.5,274.4515838623047,742.2918395996094,
2,LABORATOR (2).pdf,,numeric,53.4,radial cutter conical,all_catalogs_products/laborator-2/images/page68_xref1728.png,149,156,,4.0,68,625 104 372 534 210,1.0,,21.0,355.13848876953125,753.3851013183594,
7,LABORATOR (2).pdf,ac-blue,numeric,52.3,cutter cylindric blunt-edged,,,,,4.0,60,635 104 107 523 050,1.0,,5.0,113.84519577026367,338.89149475097656,
5,LABORATOR (2).pdf,ac-blue,numeric,50.4,cutter cylindric blunt-edged,,,,,4.0,60,635 104 165 504 025,1.0,,2.5,394.85728454589844,732.3705139160156,
7,LABORATOR (2).pdf,ac-blue,numeric,52.3,cutter cylindric blunt-edged,,,,,4.0,60,635 104 197 523 025,1.0,,2.5,194.1371841430664,338.89149475097656,
9,LABORATOR (2).pdf,ac-blue,numeric,52.3,cutter cylindric blunt-edged,all_catalogs_products/laborator-2/images/page60_xref1543.png,262,172,,4.0,60,635 104 199 523 035,1.0,,3.5,274.4291763305664,338.89149475097656,
0,LABORATOR (2).pdf,ac-crystal,numeric,52.1,radial cutter conical,,,,,0.0,65,653 900 330 521 200,9.0,,20.0,113.33500289916992,297.44960021972656,
2,LABORATOR (2).pdf,ac-crystal,numeric,52.2,,,,,,4.0,60,655 104 042 522 130,1.0,,13.0,113.90028381347656,549.1701354980469,
1,LABORATOR (2).pdf,ac-crystal,numeric,52.2,cutter cylindric blunt-edged,,,,,4.0,60,655 104 171 522 025,1.0,,2.5,194.13228607177734,549.1701354980469,
3,LABORATOR (2).pdf,ac-crystal,numeric,52.2,cutter cylindric blunt-edged,,,,,4.0,60,655 104 173 522 035,1.0,,3.5,274.4198760986328,549.1701354980469,
0,LABORATOR (2).pdf,ac-crystal,numeric,51.2,cylindric radial cutter,,,,,4.0,60,655 104 260 512 050,1.0,,5.0,113.84529113769531,732.3705139160156,
8,LABORATOR (2).pdf,ac-crystal,numeric,52.2,cylindric radial cutter,all_catalogs_products/laborator-2/images/page60_xref1542.png,225,133,,4.0,60,655 104 288 522 025,1.0,,2.5,354.71226501464844,549.1701354980469,
4,LABORATOR (2).pdf,ac-crystal,numeric,52.2,radial cutter conical,,,,,4.0,60,655 104 304 522 120,1.0,,12.0,434.9998779296875,549.1701354980469,
2,LABORATOR (2).pdf,ac-crystal,numeric,51.2,radial cutter conical,,,,,4.0,60,655 104 372 512 160,1.0,,16.0,194.08126831054688,732.3705139160156,
2,LABORATOR (2).pdf,ac-crystal,numeric,52.4,radial cutter conical,,,,,4.0,68,655 104 372 524 210,1.0,,21.0,114.16289520263672,753.3851013183594,
0,LABORATOR (2).pdf,ac-crystal,numeric,51.4,cylindric radial cutter,,,,,4.0,62,658 104 200 514 160,1.0,,16.0,113.88790130615234,753.9693298339844,
0,LABORATOR (2).pdf,ac-crystal,numeric,52.4,cylindric radial cutter,,,,,4.0,62,658 104 200 524 160,1.0,,16.0,113.84490203857422,567.3483581542969,
0,LABORATOR (2).pdf,ac-crystal,numeric,53.4,cylindric radial cutter,,,,,4.0,62,658 104 200 534 160,1.0,,16.0,113.84509658813477,362.72032165527344,
3,LABORATOR (2).pdf,ac-crystal,numeric,50.3,cylindric radial cutter,,,,,4.0,61,658 104 243 503 030,1.0,,3.0,434.78306579589844,424.42100524902344,
3,LABORATOR (2).pdf,ac-crystal,numeric,50.3,cylindric radial cutter,,,,,4.0,61,658 104 243 503 060,1.0,,6.0,515.0148010253906,424.42100524902344,
3,LABORATOR (2).pdf,ac-crystal,numeric,50.6,cylindric radial cutter,,,,,4.0,61,658 104 243 506 030,1.0,,3.0,308.8126525878906,769.7086486816406,
3,LABORATOR (2).pdf,ac-crystal,numeric,51.3,cylindric radial cutter,,,,,4.0,61,658 104 243 513 030,1.0,,3.0,109.18908309936523,424.42100524902344,
3,LABORATOR (2).pdf,ac-crystal,numeric,51.3,cylindric radial cutter,,,,,4.0,61,658 104 243 513 060,1.0,,6.0,179.99707794189453,424.42100524902344,
3,LABORATOR (2).pdf,ac-crystal,numeric,51.4,cylindric radial cutter,,,,,4.0,62,658 104 243 514 055,1.0,,5.5,194.18026733398438,753.9693298339844,
3,LABORATOR (2).pdf,ac-crystal,numeric,51.4,cylindric radial cutter,,,,,4.0,62,658 104 243 514 110,1.0,,11.0,274.4722595214844,753.9693298339844,
3,LABORATOR (2).pdf,ac-crystal,numeric,52.4,cylindric radial cutter,,,,,4.0,62,658 104 243 524 055,1.0,,5.5,194.1372833251953,567.3483581542969,
3,LABORATOR (2).pdf,ac-crystal,numeric,52.4,cylindric radial cutter,,,,,4.0,62,658 104 243 524 110,1.0,,11.0,274.4692687988281,567.3483581542969,
3,LABORATOR (2).pdf,ac-crystal,numeric,53.4,cylindric radial cutter,,,,,4.0,62,658 104 243 534 055,1.0,,5.5,194.13706970214844,362.72032165527344,
3,LABORATOR (2).pdf,ac-crystal,numeric,53.4,cylindric radial cutter,,,,,4.0,62,658 104 243 534 110,1.0,,11.0,274.42906188964844,362.72032165527344,
3,LABORATOR (2).pdf,ac-crystal,numeric,51.4,cylindric radial cutter,,,,,4.0,62,658 104 273 514 060,1.0,,6.0,354.7638702392578,753.9693298339844,
3,LABORATOR (2).pdf,ac-crystal,numeric,51.4,cylindric radial cutter,,,,,4.0,62,658 104 273 514 100,1.0,,10.0,435.0522918701172,753.9693298339844,
3,LABORATOR (2).pdf,ac-crystal,numeric,52.4,cylindric radial cutter,,,,,4.0,62,658 104 273 524 060,1.0,,6.0,354.8008575439453,567.3483581542969,
3,LABORATOR (2).pdf,ac-crystal,numeric,52.4,cylindric radial cutter,,,,,4.0,62,658 104 273 524 100,1.0,,10.0,435.0892791748047,567.3483581542969,
3,LABORATOR (2).pdf,ac-crystal,numeric,53.4,cylindric radial cutter,,,,,4.0,62,658 104 273 534 060,1.0,,6.0,354.7210693359375,362.72032165527344,
3,LABORATOR (2).pdf,ac-crystal,numeric,53.4,cylindric radial cutter,,,,,4.0,62,658 104 273 534 100,1.0,,10.0,435.00909423828125,362.72032165527344,
2,LABORATOR (2).pdf,ac-crystal,numeric,50.6,cylindric radial cutter,,,,,4.0,61,658 104 292 506 045,1.0,,4.5,389.0446472167969,769.7086486816406,
2,LABORATOR (2).pdf,ac-crystal,numeric,51.3,cylindric radial cutter,,,,,4.0,61,658 104 292 513 045,1.0,,4.5,250.86065673828125,424.42100524902344,
3,LABORATOR (2).pdf,ac-crystal,numeric,51.3,radial cutter conical,,,,,4.0,61,658 104 303 513 150,1.0,,15.0,321.6730651855469,424.42100524902344,
1,LABORATOR (2).pdf,ac-crystal,numeric,50.6,radial cutter conical,,,,,4.0,61,658 104 371 506 190,1.0,,19.0,469.33665466308594,769.7086486816406,
1,LABORATOR (2).pdf,ac-crystal,numeric,51.6,radial cutter conical,,,,,4.0,61,658 104 371 516 190,1.0,,19.0,153.7693862915039,769.7086486816406,
4,LABORATOR (2).pdf,ac-crystal,numeric,50.3,cutter cylindric blunt-edged,,,,,0.0,64,658 900 114 503 030,9.0,,3.0,274.58567810058594,726.9888000488281,
4,LABORATOR (2).pdf,ac-crystal,numeric,51.2,cutter cylindric blunt-edged,,,,,0.0,63,658 900 114 512 070,9.0,,7.0,518.6969604492188,533.6386413574219,
4,LABORATOR (2).pdf,ac-crystal,numeric,51.3,cutter cylindric blunt-edged,,,,,0.0,64,658 900 114 513 030,9.0,,3.0,194.18968200683594,726.9888000488281,
4,LABORATOR (2).pdf,ac-crystal,numeric,51.3,cutter cylindric blunt-edged,,,,,0.0,63,658 900 114 513 060,9.0,,6.0,195.2305145263672,533.6386413574219,
4,LABORATOR (2).pdf,ac-crystal,numeric,51.4,cutter cylindric blunt-edged,,,,,0.0,64,658 900 114 514 020,9.0,,2.0,274.4164810180664,561.1598815917969,
4,LABORATOR (2).pdf,ac-crystal,numeric,51.4,cutter cylindric blunt-edged,,,,,0.0,64,658 900 114 514 070,9.0,,7.0,515.5108337402344,341.51112365722656,
4,LABORATOR (2).pdf,ac-crystal,numeric,52.0,cutter cylindric blunt-edged,,,,,0.0,63,658 900 114 520 070,9.0,,7.0,257.95511627197266,754.4055480957031,
4,LABORATOR (2).pdf,ac-crystal,numeric,52.2,cutter cylindric blunt-edged,,,,,0.0,63,658 900 114 522 070,9.0,,7.0,435.00331115722656,306.2075958251953,
4,LABORATOR (2).pdf,ac-crystal,numeric,52.4,cutter cylindric blunt-edged,,,,,0.0,64,658 900 114 524 020,9.0,,2.0,194.07610321044922,561.1598815917969,
4,LABORATOR (2).pdf,ac-crystal,numeric,52.4,cutter cylindric blunt-edged,,,,,0.0,64,658 900 114 524 070,9.0,,7.0,354.9297790527344,341.51112365722656,
4,LABORATOR (2).pdf,ac-crystal,numeric,53.4,cutter cylindric blunt-edged,,,,,0.0,64,658 900 114 534 020,9.0,,2.0,113.90009307861328,561.1598815917969,
4,LABORATOR (2).pdf,ac-crystal,numeric,53.4,cutter cylindric blunt-edged,,,,,0.0,64,658 900 114 534 030,9.0,,3.0,113.95328903198242,726.9888000488281,
4,LABORATOR (2).pdf,ac-crystal,numeric,53.4,cutter cylindric blunt-edged,,,,,0.0,63,658 900 114 534 070,9.0,,7.0,518.3652191162109,753.9330139160156,
3,LABORATOR (2).pdf,ac-crystal,numeric,51.2,radial cutter conical,,,,,0.0,63,658 900 303 512 220,9.0,,22.0,444.9969177246094,533.6386413574219,
3,LABORATOR (2).pdf,ac-crystal,numeric,52.0,radial cutter conical,,,,,0.0,63,658 900 303 520 220,9.0,,22.0,184.25570678710938,754.4055480957031,
3,LABORATOR (2).pdf,ac-crystal,numeric,52.2,radial cutter conical,,,,,0.0,63,658 900 303 522 220,9.0,,22.0,274.4227981567383,306.2075958251953,
4,LABORATOR (2).pdf,ac-crystal,numeric,52.2,radial cutter conical,,,,,0.0,63,658 900 304 522 150,9.0,,15.0,354.71112060546875,306.2075958251953,
1,LABORATOR (2).pdf,ac-crystal,numeric,53.4,radial cutter conical,,,,,0.0,63,658 900 371 534 220,9.0,,22.0,444.6640319824219,753.9330139160156,
2,LABORATOR (2).pdf,ac-crystal,numeric,51.2,radial cutter conical,,,,,0.0,63,658 900 372 512 220,9.0,,22.0,371.3478546142578,533.6386413574219,
2,LABORATOR (2).pdf,ac-crystal,numeric,51.3,radial cutter conical,,,,,0.0,63,658 900 372 513 220,9.0,,22.0,114.93827819824219,533.6386413574219,
2,LABORATOR (2).pdf,ac-crystal,numeric,51.4,radial cutter conical,,,,,0.0,64,658 900 372 514 220,9.0,,22.0,435.22198486328125,341.51112365722656,
2,LABORATOR (2).pdf,ac-crystal,numeric,52.0,radial cutter conical,,,,,0.0,63,658 900 372 520 220,9.0,,22.0,110.60621643066406,754.4055480957031,
2,LABORATOR (2).pdf,ac-crystal,numeric,52.2,radial cutter conical,,,,,0.0,63,658 900 372 522 170,9.0,,17.0,194.13455200195312,306.2075958251953,
2,LABORATOR (2).pdf,ac-crystal,numeric,52.2,radial cutter conical,,,,,0.0,63,658 900 372 522 220,9.0,,22.0,113.9001235961914,306.2075958251953,
2,LABORATOR (2).pdf,ac-crystal,numeric,52.4,radial cutter conical,,,,,0.0,64,658 900 372 524 220,9.0,,22.0,274.6414794921875,341.51112365722656,
2,LABORATOR (2).pdf,ac-crystal,numeric,53.4,radial cutter conical,,,,,0.0,63,658 900 372 534 220,9.0,,22.0,371.0184783935547,753.9330139160156,
2,LABORATOR (2).pdf,ac-crystal,numeric,54.4,radial cutter conical,,,,,0.0,64,658 900 372 544 220,9.0,,22.0,114.2507438659668,341.5751190185547,
3,LABORATOR (2).pdf,without coating,numeric,50.4,cylindric radial cutter,,,,,4.0,56,803 104 243 504 045,1.0,,4.5,456.75559997558594,569.1031188964844,
3,LABORATOR (2).pdf,without coating,numeric,51.4,cylindric radial cutter,,,,,4.0,56,803 104 243 514 045,1.0,,4.5,376.46690368652344,569.1031188964844,
3,LABORATOR (2).pdf,without coating,numeric,51.7,cylindric radial cutter,,,,,4.0,58,803 104 243 517 045,1.0,,4.5,114.19739532470703,529.4181823730469,
3,LABORATOR (2).pdf,without coating,numeric,52.4,cylindric radial cutter,,,,,4.0,56,803 104 243 524 045,1.0,,4.5,295.99267578125,569.1031188964844,
3,LABORATOR (2).pdf,without coating,numeric,52.7,cylindric radial cutter,,,,,4.0,58,803 104 243 527 045,1.0,,4.5,114.25239181518555,739.1047058105469,
3,LABORATOR (2).pdf,without coating,numeric,51.7,radial cutter conical,,,,,4.0,58,803 104 303 517 220,1.0,,22.0,194.4857635498047,529.4181823730469,
3,LABORATOR (2).pdf,without coating,numeric,52.7,radial cutter conical,,,,,4.0,58,803 104 303 527 220,1.0,,22.0,194.48477172851562,739.1047058105469,
4,LABORATOR (2).pdf,without coating,numeric,50.4,radial cutter conical,all_catalogs_products/laborator-2/images/page56_xref1435.png,192,207,,4.0,56,803 104 304 504 260,1.0,,26.0,349.5420227050781,403.6574249267578,
4,LABORATOR (2).pdf,without coating,numeric,51.4,radial cutter conical,all_catalogs_products/laborator-2/images/page56_xref1435.png,192,207,,4.0,56,803 104 304 514 260,1.0,,26.0,270.4414978027344,403.6574249267578,
4,LABORATOR (2).pdf,without coating,numeric,51.7,radial cutter conical,,,,,4.0,58,803 104 304 517 260,1.0,,26.0,274.7737579345703,529.4181823730469,
4,LABORATOR (2).pdf,without coating,numeric,52.4,radial cutter conical,all_catalogs_products/laborator-2/images/page56_xref1435.png,192,207,,4.0,56,803 104 304 524 260,1.0,,26.0,191.68949127197266,403.6574249267578,
4,LABORATOR (2).pdf,without coating,numeric,52.7,radial cutter conical,,,,,4.0,58,803 104 304 527 260,1.0,,26.0,274.7727508544922,739.1047058105469,
4,LABORATOR (2).pdf,without coating,numeric,53.4,radial cutter conical,all_catalogs_products/laborator-2/images/page56_xref1435.png,192,207,,4.0,56,803 104 304 534 260,1.0,,26.0,112.8859977722168,403.6574249267578,
1,LABORATOR (2).pdf,without coating,numeric,50.4,radial cutter conical,,,,,4.0,56,803 104 371 504 220,1.0,,22.0,194.10147094726562,569.1031188964844,
1,LABORATOR (2).pdf,without coating,numeric,51.4,radial cutter conical,,,,,4.0,56,803 104 371 514 220,1.0,,22.0,113.44150161743164,569.1031188964844,
2,LABORATOR (2).pdf,without coating,numeric,50.4,radial cutter conical,,,,,4.0,56,803 104 372 504 110,1.0,,11.0,274.2603302001953,732.6581115722656,
2,LABORATOR (2).pdf,without coating,numeric,50.4,radial cutter conical,,,,,4.0,56,803 104 372 504 170,1.0,,17.0,515.0668029785156,732.6581115722656,
2,LABORATOR (2).pdf,without coating,numeric,51.4,radial cutter conical,,,,,4.0,56,803 104 372 514 110,1.0,,11.0,193.86306762695312,732.6581115722656,
2,LABORATOR (2).pdf,without coating,numeric,51.4,radial cutter conical,,,,,4.0,56,803 104 372 514 170,1.0,,17.0,434.77838134765625,732.6581115722656,
2,LABORATOR (2).pdf,without coating,numeric,51.7,radial cutter conical,,,,,4.0,58,803 104 372 517 110,1.0,,11.0,355.0657653808594,529.4181823730469,
2,LABORATOR (2).pdf,without coating,numeric,52.4,radial cutter conical,,,,,4.0,56,803 104 372 524 110,1.0,,11.0,113.62900924682617,732.6581115722656,
2,LABORATOR (2).pdf,without coating,numeric,52.4,radial cutter conical,,,,,4.0,56,803 104 372 524 170,1.0,,17.0,354.49005126953125,732.6581115722656,
2,LABORATOR (2).pdf,without coating,numeric,52.7,radial cutter conical,,,,,4.0,58,803 104 372 527 110,1.0,,11.0,355.06475830078125,739.1047058105469,
7,LABORATOR (2).pdf,without coating,numeric,50.4,radial cutter conical,,,,,4.0,57,803 104 377 504 170,1.0,,17.0,274.4229736328125,703.0297546386719,
7,LABORATOR (2).pdf,without coating,numeric,50.4,radial cutter conical,,,,,4.0,57,803 104 377 504 260,1.0,,26.0,515.2906036376953,703.0297546386719,
7,LABORATOR (2).pdf,without coating,numeric,51.4,radial cutter conical,,,,,4.0,57,803 104 377 514 170,1.0,,17.0,194.13159942626953,703.0297546386719,
7,LABORATOR (2).pdf,without coating,numeric,51.4,radial cutter conical,,,,,4.0,57,803 104 377 514 260,1.0,,26.0,434.99949645996094,703.0297546386719,
7,LABORATOR (2).pdf,without coating,numeric,52.4,radial cutter conical,,,,,4.0,57,803 104 377 524 170,1.0,,17.0,113.90040588378906,703.0297546386719,
7,LABORATOR (2).pdf,without coating,numeric,52.4,radial cutter conical,,,,,4.0,57,803 104 377 524 260,1.0,,26.0,354.71095275878906,703.0297546386719,
1,LABORATOR (2).pdf,without coating,numeric,52.4,,,,,,4.0,43,806 104 001 524 009,1.0,0.9,0.9,114.11732482910156,293.5756378173828,
1,LABORATOR (2).pdf,without coating,numeric,52.4,,,,,,4.0,43,806 104 001 524 010,1.0,,1.0,194.4095687866211,293.5756378173828,
1,LABORATOR (2).pdf,without coating,numeric,52.4,,,,,,4.0,43,806 104 001 524 012,1.0,,1.2,274.7017364501953,293.5756378173828,
1,LABORATOR (2).pdf,without coating,numeric,52.4,,,,,,4.0,43,806 104 001 524 014,1.0,,1.4,354.9900207519531,293.5756378173828,
1,LABORATOR (2).pdf,without coating,numeric,52.4,,,,,,4.0,43,806 104 001 524 016,1.0,,1.6,435.28221130371094,293.5756378173828,
1,LABORATOR (2).pdf,without coating,numeric,52.4,,,,,,4.0,43,806 104 001 524 018,1.0,1.8,1.8,114.60226821899414,445.17152404785156,
1,LABORATOR (2).pdf,without coating,numeric,52.4,,,,,,4.0,43,806 104 001 524 021,1.0,,2.1,194.89007568359375,445.60902404785156,
1,LABORATOR (2).pdf,without coating,numeric,52.4,,,,,,4.0,43,806 104 001 524 025,1.0,,2.5,275.17808532714844,445.60902404785156,
1,LABORATOR (2).pdf,without coating,numeric,52.4,,,,,,4.0,43,806 104 001 524 029,1.0,,2.9,355.466064453125,445.60902404785156,
1,LABORATOR (2).pdf,without coating,numeric,52.4,,,,,,4.0,43,806 104 001 524 033,1.0,,3.3,435.7540588378906,445.60902404785156,
0,LABORATOR (2).pdf,without coating,numeric,52.4,,,,,,4.0,43,806 104 010 524 010,1.0,1.0,1.0,113.97969055175781,592.4834289550781,
0,LABORATOR (2).pdf,without coating,numeric,52.4,,,,,,4.0,43,806 104 010 524 012,1.0,,1.2,194.21209716796875,592.4834289550781,
0,LABORATOR (2).pdf,without coating,numeric,52.4,,,,,,4.0,43,806 104 010 524 014,1.0,,1.4,274.60768127441406,592.4834289550781,
0,LABORATOR (2).pdf,without coating,numeric,52.4,,,,,,4.0,43,806 104 010 524 016,1.0,1.6,1.6,354.8396759033203,592.4834289550781,
0,LABORATOR (2).pdf,without coating,numeric,52.4,,,,,,4.0,43,806 104 010 524 018,1.0,,1.8,435.13169860839844,592.4834289550781,
0,LABORATOR (2).pdf,without coating,numeric,52.4,,,,,,4.0,43,806 104 010 524 021,1.0,2.1,2.1,113.97979354858398,754.5305480957031,
0,LABORATOR (2).pdf,without coating,numeric,52.4,,,,,,4.0,43,806 104 010 524 025,1.0,,2.5,194.2677764892578,754.5305480957031,
4,LABORATOR (2).pdf,without coating,numeric,52.4,,,,,,4.0,43,806 104 014 524 018,1.0,,1.8,274.50340270996094,754.5305480957031,
4,LABORATOR (2).pdf,without coating,numeric,52.4,,,,,,4.0,43,806 104 014 524 025,1.0,2.5,2.5,354.9037780761719,754.5305480957031,
4,LABORATOR (2).pdf,without coating,numeric,52.4,,,,,,4.0,43,806 104 014 524 060,1.0,,6.0,435.13536071777344,754.5305480957031,
8,LABORATOR (2).pdf,without coating,numeric,52.4,,,,,,4.0,43,806 104 068 524 055,1.0,,5.5,515.4278411865234,754.5305480957031,
7,LABORATOR (2).pdf,without coating,numeric,52.4,cutter cylindric blunt-edged,,,,,4.0,44,806 104 107 524 012,1.0,1.2,1.2,113.26991653442383,294.80531311035156,
1,LABORATOR (2).pdf,without coating,numeric,52.4,cutter cylindric blunt-edged,,,,,4.0,44,806 104 111 524 018,1.0,,1.8,193.5578842163086,294.80531311035156,
1,LABORATOR (2).pdf,without coating,numeric,52.4,cutter cylindric blunt-edged,,,,,4.0,44,806 104 141 524 014,1.0,,1.4,273.8458709716797,294.80531311035156,
1,LABORATOR (2).pdf,without coating,numeric,52.4,cutter cylindric blunt-edged,,,,,4.0,44,806 104 141 524 018,1.0,,1.8,354.1354217529297,294.36793518066406,
1,LABORATOR (2).pdf,without coating,numeric,52.4,cutter cylindric blunt-edged,,,,,4.0,44,806 104 141 524 025,1.0,,2.5,434.4276123046875,294.36793518066406,
3,LABORATOR (2).pdf,without coating,numeric,52.4,cutter cylindric blunt-edged,,,,,4.0,44,806 104 143 524 018,1.0,,1.8,514.7198486328125,294.36793518066406,
4,LABORATOR (2).pdf,without coating,numeric,52.4,cutter cylindric blunt-edged,,,,,4.0,44,806 104 164 524 010,1.0,1.0,1.0,113.353271484375,445.17152404785156,
5,LABORATOR (2).pdf,without coating,numeric,52.4,cutter cylindric blunt-edged,,,,,4.0,44,806 104 165 524 014,1.0,,1.4,193.6420669555664,445.17152404785156,
6,LABORATOR (2).pdf,without coating,numeric,51.4,cutter cylindric blunt-edged,,,,,4.0,44,806 104 166 514 014,1.0,,1.4,354.2264404296875,445.17152404785156,
6,LABORATOR (2).pdf,without coating,numeric,51.4,cutter cylindric blunt-edged,,,,,4.0,44,806 104 166 514 018,1.0,,1.8,514.8069610595703,445.17152404785156,
6,LABORATOR (2).pdf,without coating,numeric,52.4,cutter cylindric blunt-edged,,,,,4.0,44,806 104 166 524 014,1.0,1.4,1.4,273.93419647216797,445.17152404785156,
6,LABORATOR (2).pdf,without coating,numeric,52.4,cutter cylindric blunt-edged,,,,,4.0,44,806 104 166 524 018,1.0,,1.8,434.5147247314453,445.17152404785156,
3,LABORATOR (2).pdf,without coating,numeric,52.4,cutter cylindric blunt-edged,,,,,4.0,44,806 104 173 524 016,1.0,,1.6,113.3536491394043,591.9220886230469,
3,LABORATOR (2).pdf,without coating,numeric,52.4,cutter cylindric blunt-edged,,,,,4.0,44,806 104 173 524 025,1.0,,2.5,193.64203643798828,591.9220886230469,
3,LABORATOR (2).pdf,without coating,numeric,52.4,cutter cylindric blunt-edged,,,,,4.0,44,806 104 173 524 031,1.0,,3.1,273.93414306640625,591.9220886230469,
8,LABORATOR (2).pdf,without coating,numeric,52.4,cutter cylindric blunt-edged,,,,,4.0,44,806 104 198 524 040,1.0,,4.0,354.2224426269531,591.9220886230469,
9,LABORATOR (2).pdf,without coating,numeric,52.4,cutter cylindric blunt-edged,,,,,4.0,44,806 104 199 524 014,1.0,,1.4,434.51075744628906,592.3621520996094,
9,LABORATOR (2).pdf,without coating,numeric,52.4,cutter cylindric blunt-edged,,,,,4.0,44,806 104 199 524 016,1.0,,1.6,514.8031005859375,592.3621520996094,
9,LABORATOR (2).pdf,without coating,numeric,52.4,cutter cylindric blunt-edged,,,,,4.0,44,806 104 199 524 018,1.0,,1.8,107.37359237670898,754.4068298339844,
9,LABORATOR (2).pdf,without coating,numeric,52.4,cutter cylindric blunt-edged,,,,,4.0,44,806 104 199 524 025,1.0,,2.5,176.25762176513672,754.4068298339844,
9,LABORATOR (2).pdf,without coating,numeric,52.4,cutter cylindric blunt-edged,,,,,4.0,44,806 104 199 524 031,1.0,,3.1,245.1415557861328,754.4068298339844,
6,LABORATOR (2).pdf,without coating,numeric,52.4,cylindric radial cutter,,,,,4.0,44,806 104 226 524 016,1.0,,1.6,313.9672393798828,754.4068298339844,
9,LABORATOR (2).pdf,without coating,numeric,52.4,cylindric radial cutter,,,,,4.0,44,806 104 239 524 023,1.0,,2.3,382.9561767578125,754.4068298339844,
0,LABORATOR (2).pdf,without coating,numeric,52.4,cylindric radial cutter,,,,,4.0,44,806 104 250 524 012,1.0,,1.2,451.78016662597656,754.4068298339844,
0,LABORATOR (2).pdf,without coating,numeric,52.4,cylindric radial cutter,,,,,4.0,44,806 104 250 524 016,1.0,,1.6,520.6642608642578,754.4068298339844,
0,LABORATOR (2).pdf,without coating,numeric,52.4,cylindric radial cutter,,,,,4.0,45,806 104 250 524 018,1.0,,1.8,177.02217864990234,349.0980987548828,
0,LABORATOR (2).pdf,without coating,numeric,52.4,cylindric radial cutter,,,,,4.0,45,806 104 250 524 025,1.0,,2.5,245.90216064453125,349.0980987548828,
0,LABORATOR (2).pdf,without coating,numeric,53.4,cylindric radial cutter,,,,,4.0,45,806 104 250 534 018,1.0,,1.8,108.14219284057617,349.0980987548828,
7,LABORATOR (2).pdf,without coating,numeric,52.4,cylindric radial cutter,,,,,4.0,45,806 104 257 524 023,1.0,,2.3,314.78216552734375,349.0980987548828,
3,LABORATOR (2).pdf,without coating,numeric,54.4,cylindric radial cutter,,,,,4.0,45,806 104 263 544 080,1.0,,8.0,113.90049362182617,754.4068298339844,
4,LABORATOR (2).pdf,without coating,numeric,51.4,cylindric radial cutter,,,,,4.0,45,806 104 274 514 016,1.0,,1.6,452.5461883544922,349.0980987548828,
4,LABORATOR (2).pdf,without coating,numeric,52.4,cylindric radial cutter,,,,,4.0,45,806 104 274 524 016,1.0,,1.6,383.66575622558594,349.0980987548828,
4,LABORATOR (2).pdf,without coating,numeric,54.4,cylindric radial cutter,,,,,4.0,45,806 104 274 544 080,1.0,,8.0,194.1324920654297,754.4068298339844,
7,LABORATOR (2).pdf,without coating,numeric,52.4,cylindric radial cutter,,,,,4.0,45,806 104 277 524 014,1.0,,1.4,521.4302673339844,349.0980987548828,
2,LABORATOR (2).pdf,without coating,numeric,52.4,cylindric radial cutter,,,,,4.0,45,806 104 292 524 019,1.0,,1.9,114.17469024658203,495.9362030029297,
4,LABORATOR (2).pdf,without coating,numeric,52.4,radial cutter conical,all_catalogs_products/laborator-2/images/page45_xref1174.png,196,293,,4.0,45,806 104 304 524 018,1.0,,1.8,194.57467651367188,495.9362030029297,
4,LABORATOR (2).pdf,without coating,numeric,52.4,radial cutter conical,all_catalogs_products/laborator-2/images/page45_xref1174.png,196,293,,4.0,45,806 104 304 524 025,1.0,,2.5,274.8066864013672,495.9362030029297,
4,LABORATOR (2).pdf,without coating,numeric,52.4,radial cutter conical,all_catalogs_products/laborator-2/images/page45_xref1174.png,196,293,,4.0,45,806 104 304 524 060,1.0,,6.0,355.0946502685547,495.9362030029297,
3,LABORATOR (2).pdf,without coating,numeric,51.4,radial cutter conical,all_catalogs_products/laborator-2/images/page49_xref1255.png,149,158,,4.0,49,806 104 333 514 300,1.0,,30.0,226.17729949951172,454.62290954589844,
3,LABORATOR (2).pdf,without coating,numeric,51.4,radial cutter conical,all_catalogs_products/laborator-2/images/page49_xref1262.png,225,156,,4.0,49,806 104 333 514 450,1.0,,45.0,346.98529052734375,454.62290954589844,
5,LABORATOR (2).pdf,without coating,numeric,51.4,radial cutter conical,,,,,4.0,48,806 104 345 514 220,1.0,,22.0,113.8213882446289,754.4064025878906,
0,LABORATOR (2).pdf,without coating,numeric,52.4,radial cutter conical,,,,,4.0,48,806 104 350 524 160,1.0,,16.0,249.93736267089844,754.4064025878906,
0,LABORATOR (2).pdf,without coating,numeric,52.4,radial cutter conical,,,,,4.0,48,806 104 350 524 190,1.0,,19.0,330.2293395996094,754.4064025878906,
0,LABORATOR (2).pdf,without coating,numeric,52.4,radial cutter conical,,,,,4.0,48,806 104 350 524 220,1.0,,22.0,410.7093200683594,754.4064025878906,
1,LABORATOR (2).pdf,without coating,numeric,52.4,radial cutter conical,,,,,4.0,47,806 104 351 524 220,1.0,,22.0,113.84530258178711,445.2873077392578,
5,LABORATOR (2).pdf,without coating,numeric,50.4,radial cutter conical,,,,,4.0,47,806 104 355 504 220,1.0,,22.0,300.89988708496094,445.02659606933594,
5,LABORATOR (2).pdf,without coating,numeric,51.8,radial cutter conical,all_catalogs_products/laborator-2/images/page46_xref1212.png,142,208,,4.0,46,806 104 355 518 140,1.0,,14.0,112.62679290771484,600.7998352050781,
5,LABORATOR (2).pdf,without coating,numeric,51.8,radial cutter conical,all_catalogs_products/laborator-2/images/page46_xref1214.png,142,208,,4.0,46,806 104 355 518 160,1.0,,16.0,190.86679077148438,600.7998352050781,
5,LABORATOR (2).pdf,without coating,numeric,51.8,radial cutter conical,all_catalogs_products/laborator-2/images/page46_xref1216.png,142,208,,4.0,46,806 104 355 518 190,1.0,,19.0,269.2467803955078,600.7998352050781,
5,LABORATOR (2).pdf,without coating,numeric,51.8,radial cutter conical,all_catalogs_products/laborator-2/images/page46_xref1212.png,142,208,,4.0,46,806 104 355 518 220,1.0,,22.0,347.7667999267578,600.7998352050781,
5,LABORATOR (2).pdf,without coating,numeric,50.6,radial cutter conical,,,,,4.0,47,806 104 355A 506 140,1.0,,14.0,219.51813507080078,445.02659606933594,
6,LABORATOR (2).pdf,without coating,numeric,51.4,radial cutter conical,,,,,4.0,47,806 104 356 514 190,1.0,,19.0,113.84529495239258,736.9611511230469,
1,LABORATOR (2).pdf,without coating,numeric,50.8,radial cutter conical,,,,,4.0,46,806 104 361 508 100,1.0,,10.0,516.7198944091797,600.8630676269531,
1,LABORATOR (2).pdf,without coating,numeric,51.8,radial cutter conical,,,,,4.0,46,806 104 361 518 100,1.0,,10.0,438.2068176269531,600.8638000488281,
5,LABORATOR (2).pdf,without coating,numeric,51.4,radial cutter conical,,,,,4.0,49,806 104 365 514 220,1.0,,22.0,435.35948181152344,754.3315124511719,
7,LABORATOR (2).pdf,without coating,numeric,51.6,radial cutter conical,,,,,4.0,49,806 104 377 516 220,1.0,,22.0,515.6835479736328,754.3315124511719,
9,LABORATOR (2).pdf,without coating,numeric,51.4,radial cutter conical,all_catalogs_products/laborator-2/images/page49_xref1260.png,132,198,,4.0,49,806 104 379 514 300,1.0,,30.0,114.0452995300293,454.62290954589844,
7,LABORATOR (2).pdf,without coating,numeric,51.4,radial cutter conical,,,,,4.0,49,806 104 397 514 380,1.0,,38.0,141.48998641967773,754.4055480957031,
9,LABORATOR (2).pdf,without coating,numeric,51.4,radial cutter conical,all_catalogs_products/laborator-2/images/page49_xref1256.png,141,146,,4.0,49,806 104 399 514 320,1.0,,32.0,302.0205841064453,754.4055480957031,
0,LABORATOR (2).pdf,without coating,numeric,51.6,cylindric torus cutter,,,,,4.0,48,806 104 400 516 190,1.0,,19.0,113.76639938354492,445.02659606933594,
0,LABORATOR (2).pdf,without coating,numeric,51.6,cylindric torus cutter,,,,,4.0,48,806 104 400 516 220,1.0,,22.0,194.0543975830078,445.02659606933594,
5,LABORATOR (2).pdf,without coating,numeric,51.4,cylindric torus cutter,all_catalogs_products/laborator-2/images/page48_xref1248.png,196,156,,4.0,48,806 104 405 514 220,1.0,,22.0,367.0583953857422,445.02659606933594,
0,LABORATOR (2).pdf,without coating,numeric,51.4,,,,,,4.0,45,806 104 540 514 010,1.0,,1.0,515.6707458496094,495.9362030029297,
0,LABORATOR (2).pdf,without coating,numeric,52.4,,,,,,4.0,45,806 104 540 524 010,1.0,,1.0,435.38267517089844,495.9362030029297,
3,LABORATOR (2).pdf,without coating,numeric,54.4,,,,,,4.0,45,806 104 893 544 060,1.0,,6.0,274.36449432373047,754.4068298339844,
0,LABORATOR (2).pdf,without coating,numeric,52.6,cutter cylindric blunt-edged,,,,,14.0,41,806 314 140 526 012,3.0,,1.2,416.1762237548828,454.62269592285156,
1,LABORATOR (2).pdf,without coating,numeric,51.8,cutter cylindric blunt-edged,,,,,14.0,39,806 314 141 518 016,3.0,,1.6,108.61339569091797,591.8152160644531,
1,LABORATOR (2).pdf,without coating,numeric,52.8,cutter cylindric blunt-edged,,,,,14.0,39,806 314 141 528 016,3.0,1.6,1.6,108.61315155029297,576.5122375488281,
2,LABORATOR (2).pdf,without coating,numeric,48.4,cutter cylindric blunt-edged,,,,,14.0,41,806 314 142 484 017,3.0,,1.7,114.51666641235352,727.0594177246094,
2,LABORATOR (2).pdf,without coating,numeric,48.4,cutter cylindric blunt-edged,,,,,14.0,41,806 314 142 484 023,3.0,,2.3,194.80892181396484,727.0594177246094,
2,LABORATOR (2).pdf,without coating,numeric,50.6,cutter cylindric blunt-edged,,,,,14.0,41,806 314 142 506 017,3.0,,1.7,114.51317596435547,711.7554626464844,
2,LABORATOR (2).pdf,without coating,numeric,50.6,cutter cylindric blunt-edged,,,,,14.0,41,806 314 142 506 023,3.0,,2.3,194.80542755126953,711.7554626464844,
2,LABORATOR (2).pdf,without coating,numeric,51.6,cutter cylindric blunt-edged,,,,,14.0,41,806 314 142 516 014,3.0,,1.4,345.3129577636719,469.92579650878906,
2,LABORATOR (2).pdf,without coating,numeric,51.6,cutter cylindric blunt-edged,,,,,14.0,41,806 314 142 516 017,3.0,,1.7,114.51576232910156,696.4519348144531,
2,LABORATOR (2).pdf,without coating,numeric,51.6,cutter cylindric blunt-edged,,,,,14.0,41,806 314 142 516 023,3.0,,2.3,194.8033447265625,696.4514465332031,
2,LABORATOR (2).pdf,without coating,numeric,52.6,cutter cylindric blunt-edged,,,,,14.0,41,806 314 142 526 014,3.0,,1.4,345.3097686767578,454.62269592285156,
2,LABORATOR (2).pdf,without coating,numeric,52.6,cutter cylindric blunt-edged,,,,,14.0,41,806 314 142 526 017,3.0,,1.7,114.51466751098633,681.1484069824219,
2,LABORATOR (2).pdf,without coating,numeric,52.6,cutter cylindric blunt-edged,,,,,14.0,41,806 314 142 526 023,3.0,,2.3,194.80692291259766,681.1484069824219,
8,LABORATOR (2).pdf,without coating,numeric,51.6,cutter cylindric blunt-edged,,,,,14.0,41,806 314 198 516 023,3.0,,2.3,109.80077362060547,469.9262390136719,
8,LABORATOR (2).pdf,without coating,numeric,51.8,cutter cylindric blunt-edged,,,,,14.0,39,806 314 198 518 023,3.0,,2.3,177.49513244628906,591.8152160644531,
8,LABORATOR (2).pdf,without coating,numeric,52.6,cutter cylindric blunt-edged,,,,,14.0,41,806 314 198 526 023,3.0,2.3,2.3,109.80360412597656,454.62269592285156,
8,LABORATOR (2).pdf,without coating,numeric,52.8,cutter cylindric blunt-edged,,,,,14.0,39,806 314 198 528 023,3.0,,2.3,177.4939422607422,576.5122375488281,
9,LABORATOR (2).pdf,without coating,numeric,48.4,cutter cylindric blunt-edged,,,,,14.0,41,806 314 199 484 020,3.0,,2.0,299.0254821777344,726.7334899902344,
9,LABORATOR (2).pdf,without coating,numeric,48.4,cutter cylindric blunt-edged,,,,,14.0,41,806 314 199 484 023,3.0,,2.3,401.952880859375,726.8782043457031,
9,LABORATOR (2).pdf,without coating,numeric,50.6,cutter cylindric blunt-edged,,,,,14.0,41,806 314 199 506 020,3.0,,2.0,299.0220031738281,711.4295349121094,
9,LABORATOR (2).pdf,without coating,numeric,50.6,cutter cylindric blunt-edged,,,,,14.0,41,806 314 199 506 023,3.0,,2.3,401.94940185546875,711.5741882324219,
9,LABORATOR (2).pdf,without coating,numeric,51.6,cutter cylindric blunt-edged,,,,,14.0,41,806 314 199 516 012,3.0,,1.2,180.67027282714844,469.92579650878906,
9,LABORATOR (2).pdf,without coating,numeric,51.6,cutter cylindric blunt-edged,,,,,14.0,41,806 314 199 516 018,3.0,,1.8,251.5364532470703,469.92579650878906,
9,LABORATOR (2).pdf,without coating,numeric,51.6,cutter cylindric blunt-edged,,,,,14.0,41,806 314 199 516 020,3.0,,2.0,299.0210266113281,696.1259765625,
9,LABORATOR (2).pdf,without coating,numeric,51.6,cutter cylindric blunt-edged,,,,,14.0,41,806 314 199 516 023,3.0,,2.3,401.94842529296875,696.2707214355469,
9,LABORATOR (2).pdf,without coating,numeric,51.8,cutter cylindric blunt-edged,,,,,14.0,39,806 314 199 518 012,3.0,,1.2,246.3784408569336,591.8152160644531,
9,LABORATOR (2).pdf,without coating,numeric,51.8,cutter cylindric blunt-edged,,,,,14.0,39,806 314 199 518 018,3.0,,1.8,315.2603454589844,591.8152160644531,
9,LABORATOR (2).pdf,without coating,numeric,52.6,cutter cylindric blunt-edged,,,,,14.0,41,806 314 199 526 012,3.0,,1.2,180.66661071777344,454.62269592285156,
9,LABORATOR (2).pdf,without coating,numeric,52.6,cutter cylindric blunt-edged,,,,,14.0,41,806 314 199 526 018,3.0,,1.8,251.52952575683594,454.62269592285156,
9,LABORATOR (2).pdf,without coating,numeric,52.6,cutter cylindric blunt-edged,,,,,14.0,41,806 314 199 526 020,3.0,,2.0,299.01995849609375,680.8224182128906,
9,LABORATOR (2).pdf,without coating,numeric,52.6,cutter cylindric blunt-edged,,,,,14.0,41,806 314 199 526 023,3.0,,2.3,401.9473571777344,680.9672546386719,
9,LABORATOR (2).pdf,without coating,numeric,52.8,cutter cylindric blunt-edged,,,,,14.0,39,806 314 199 528 012,3.0,,1.2,246.37583923339844,576.5122375488281,
9,LABORATOR (2).pdf,without coating,numeric,52.8,cutter cylindric blunt-edged,,,,,14.0,39,806 314 199 528 018,3.0,,1.8,315.2577362060547,576.5122375488281,
8,LABORATOR (2).pdf,without coating,numeric,52.6,cylindric radial cutter,,,,,14.0,41,806 314 238 526 016,3.0,,1.6,487.03955078125,454.62269592285156,
9,LABORATOR (2).pdf,without coating,numeric,51.8,cylindric radial cutter,,,,,14.0,39,806 314 249 518 014,3.0,,1.4,384.1422424316406,591.8152160644531,
9,LABORATOR (2).pdf,without coating,numeric,52.8,cylindric radial cutter,,,,,14.0,39,806 314 249 528 014,3.0,,1.4,384.13963317871094,576.5122375488281,
0,LABORATOR (2).pdf,without coating,numeric,51.8,cylindric radial cutter,,,,,14.0,39,806 314 250 518 012,3.0,,1.2,453.0241394042969,591.8152160644531,
0,LABORATOR (2).pdf,without coating,numeric,52.8,cylindric radial cutter,,,,,14.0,39,806 314 250 528 012,3.0,,1.2,453.021484375,576.5122375488281,
7,LABORATOR (2).pdf,without coating,numeric,51.6,cylindric radial cutter,,,,,14.0,41,806 314 257 516 023,3.0,,2.3,436.2554473876953,306.03163146972656,
7,LABORATOR (2).pdf,without coating,numeric,52.6,cylindric radial cutter,,,,,14.0,41,806 314 257 526 023,3.0,,2.3,436.26341247558594,290.72853088378906,
4,LABORATOR (2).pdf,without coating,numeric,51.6,cylindric radial cutter,,,,,14.0,41,806 314 274 516 020,3.0,,2.0,515.6254272460938,306.03163146972656,
4,LABORATOR (2).pdf,without coating,numeric,52.6,cylindric radial cutter,,,,,14.0,41,806 314 274 526 020,3.0,,2.0,515.6321868896484,290.72853088378906,
7,LABORATOR (2).pdf,without coating,numeric,51.8,cylindric radial cutter,,,,,14.0,39,806 314 277 518 021,3.0,2.1,2.1,108.61336517333984,753.9693298339844,
1,LABORATOR (2).pdf,without coating,numeric,51.6,radial cutter conical,,,,,14.0,47,806 314 361 516 100,3.0,,10.0,413.38868713378906,736.9897155761719,
7,LABORATOR (2).pdf,without coating,numeric,52.6,,,,,,14.0,41,806 314 697 526 012,3.0,,1.2,271.14292907714844,290.72853088378906,
7,LABORATOR (2).pdf,without coating,numeric,52.6,,,,,,14.0,41,806 314 697 526 016,3.0,,1.6,349.94891357421875,290.72853088378906,
1,LABORATOR (2).pdf,without coating,numeric,51.6,radial cutter conical,,,,,16.0,47,806 316 361 516 100,3.0,,10.0,493.6206970214844,736.9897155761719,
0,LABORATOR (2).pdf,without coating,numeric,52.4,,,,,,4.0,51,807 104 030 524 027,1.0,,2.7,113.2325210571289,279.49171447753906,
0,LABORATOR (2).pdf,without coating,numeric,52.4,,,,,,4.0,51,807 104 030 524 045,1.0,,4.5,193.5208969116211,279.49171447753906,
1,LABORATOR (2).pdf,without coating,numeric,52.4,,,,,,4.0,51,807 104 041 524 080,1.0,,8.0,273.7509307861328,279.49171447753906,
1,LABORATOR (2).pdf,without coating,numeric,53.4,,,,,,4.0,51,807 104 041 534 080,1.0,,8.0,273.7545700073242,264.18873596191406,
1,LABORATOR (2).pdf,without coating,numeric,52.4,cutter cylindric blunt-edged,,,,,4.0,51,807 104 141 524 021,1.0,2.1,2.1,354.09356689453125,279.49171447753906,
1,LABORATOR (2).pdf,without coating,numeric,52.4,cutter cylindric blunt-edged,,,,,4.0,51,807 104 141 524 031,1.0,,3.1,434.44158935546875,279.49171447753906,
1,LABORATOR (2).pdf,without coating,numeric,53.4,cutter cylindric blunt-edged,,,,,4.0,51,807 104 141 534 050,1.0,,5.0,514.6751708984375,264.18873596191406,
1,LABORATOR (2).pdf,without coating,numeric,54.4,cutter cylindric blunt-edged,,,,,4.0,51,807 104 141 544 050,1.0,,5.0,514.6752319335938,249.3231430053711,
1,LABORATOR (2).pdf,without coating,numeric,52.4,cutter cylindric blunt-edged,,,,,4.0,51,807 104 161 524 050,1.0,,5.0,113.86680221557617,415.21360778808594,
1,LABORATOR (2).pdf,without coating,numeric,53.4,cutter cylindric blunt-edged,,,,,4.0,51,807 104 161 534 050,1.0,,5.0,113.86689758300781,400.29029846191406,
1,LABORATOR (2).pdf,without coating,numeric,54.4,cutter cylindric blunt-edged,,,,,4.0,51,807 104 161 544 050,1.0,,5.0,113.86688613891602,385.42469787597656,
7,LABORATOR (2).pdf,without coating,numeric,52.4,cutter cylindric blunt-edged,,,,,4.0,51,807 104 167 524 031,1.0,,3.1,194.1587677001953,415.21360778808594,
7,LABORATOR (2).pdf,without coating,numeric,53.4,cutter cylindric blunt-edged,,,,,4.0,51,807 104 167 534 031,1.0,,3.1,194.1588592529297,400.29029846191406,
8,LABORATOR (2).pdf,without coating,numeric,52.4,cutter cylindric blunt-edged,,,,,4.0,51,807 104 198 524 021,1.0,,2.1,274.44678497314453,415.21360778808594,
9,LABORATOR (2).pdf,without coating,numeric,52.4,cutter cylindric blunt-edged,,,,,4.0,51,807 104 199 524 031,1.0,,3.1,354.7323303222656,415.21360778808594,
9,LABORATOR (2).pdf,without coating,numeric,53.4,cutter cylindric blunt-edged,,,,,4.0,51,807 104 199 534 031,1.0,,3.1,354.7319793701172,400.29029846191406,
9,LABORATOR (2).pdf,without coating,numeric,54.4,cutter cylindric blunt-edged,,,,,4.0,51,807 104 199 544 031,1.0,,3.1,354.7324981689453,385.42469787597656,
3,LABORATOR (2).pdf,without coating,numeric,53.4,cylindric radial cutter,,,,,4.0,51,807 104 243 534 050,1.0,,5.0,113.86651611328125,552.0766296386719,
3,LABORATOR (2).pdf,without coating,numeric,52.4,cylindric radial cutter,,,,,4.0,51,807 104 263 524 050,1.0,,5.0,194.09668731689453,567.3805847167969,
3,LABORATOR (2).pdf,without coating,numeric,53.4,cylindric radial cutter,,,,,4.0,51,807 104 263 534 050,1.0,,5.0,194.09630584716797,552.0766296386719,
3,LABORATOR (2).pdf,without coating,numeric,54.4,cylindric radial cutter,,,,,4.0,51,807 104 263 544 050,1.0,,5.0,194.10053253173828,537.2126159667969,
1,LABORATOR (2).pdf,without coating,numeric,52.4,radial cutter conical,,,,,4.0,51,807 104 321 524 200,1.0,,20.0,113.81174087524414,754.4068298339844,
7,LABORATOR (2).pdf,without coating,numeric,52.4,radial cutter conical,,,,,4.0,51,807 104 327 524 200,1.0,,20.0,234.35350036621094,754.4068298339844,
4,LABORATOR (2).pdf,without coating,numeric,51.4,radial cutter conical,,,,,4.0,51,807 104 354 514 100,1.0,,10.0,354.73089599609375,754.4068298339844,
4,LABORATOR (2).pdf,without coating,numeric,51.4,radial cutter conical,,,,,4.0,51,807 104 354 514 140,1.0,,14.0,435.0228576660156,754.4068298339844,
4,LABORATOR (2).pdf,without coating,numeric,52.4,radial cutter conical,,,,,4.0,51,807 104 354 524 200,1.0,,20.0,515.3102722167969,754.4068298339844,
1,LABORATOR (2).pdf,without coating,numeric,51.8,,,,,,4.0,42,808 104 001 518 025,1.0,2.5,2.5,114.12541198730469,606.0938415527344,
1,LABORATOR (2).pdf,without coating,numeric,52.8,,,,,,4.0,42,808 104 001 528 025,1.0,2.5,2.5,114.11739730834961,591.2298278808594,
0,LABORATOR (2).pdf,without coating,numeric,52.8,,,,,,4.0,42,808 104 010 528 021,1.0,,2.1,194.4053726196289,591.2298278808594,
0,LABORATOR (2).pdf,without coating,numeric,52.8,,,,,,4.0,42,808 104 010 528 025,1.0,,2.5,274.6933898925781,591.2298278808594,
4,LABORATOR (2).pdf,without coating,numeric,52.8,,,,,,4.0,42,808 104 014 528 025,1.0,,2.5,354.9853973388672,591.2298278808594,
9,LABORATOR (2).pdf,without coating,numeric,51.8,cutter cylindric blunt-edged,,,,,4.0,42,808 104 199 518 014,1.0,,1.4,435.2814025878906,606.0938415527344,
9,LABORATOR (2).pdf,without coating,numeric,51.8,cutter cylindric blunt-edged,,,,,4.0,42,808 104 199 518 018,1.0,,1.8,515.5734710693359,606.0938415527344,
9,LABORATOR (2).pdf,without coating,numeric,52.8,cutter cylindric blunt-edged,,,,,4.0,42,808 104 199 528 014,1.0,,1.4,435.27337646484375,591.2298278808594,
9,LABORATOR (2).pdf,without coating,numeric,52.8,cutter cylindric blunt-edged,,,,,4.0,42,808 104 199 528 018,1.0,,1.8,515.5654602050781,591.2298278808594,
9,LABORATOR (2).pdf,without coating,numeric,52.8,cutter cylindric blunt-edged,,,,,4.0,42,808 104 199 528 025,1.0,,2.5,113.92599487304688,738.6313171386719,
0,LABORATOR (2).pdf,without coating,numeric,51.8,cylindric radial cutter,,,,,4.0,42,808 104 250 518 012,1.0,,1.2,194.16600036621094,753.5592956542969,
0,LABORATOR (2).pdf,without coating,numeric,51.8,cylindric radial cutter,,,,,4.0,42,808 104 250 518 016,1.0,,1.6,274.50596618652344,753.5592956542969,
0,LABORATOR (2).pdf,without coating,numeric,52.8,cylindric radial cutter,,,,,4.0,42,808 104 250 528 012,1.0,,1.2,194.21399688720703,738.6313171386719,
0,LABORATOR (2).pdf,without coating,numeric,52.8,cylindric radial cutter,,,,,4.0,42,808 104 250 528 016,1.0,,1.6,274.50596618652344,738.6313171386719,
7,LABORATOR (2).pdf,without coating,numeric,51.8,cylindric radial cutter,,,,,4.0,42,808 104 257 518 016,1.0,,1.6,354.8499755859375,753.5592956542969,
7,LABORATOR (2).pdf,without coating,numeric,51.8,cylindric radial cutter,,,,,4.0,42,808 104 257 518 023,1.0,,2.3,435.0859832763672,753.4953308105469,
7,LABORATOR (2).pdf,without coating,numeric,52.8,cylindric radial cutter,,,,,4.0,42,808 104 257 528 016,1.0,,1.6,354.79356384277344,738.6313171386719,
7,LABORATOR (2).pdf,without coating,numeric,52.8,cylindric radial cutter,,,,,4.0,42,808 104 257 528 023,1.0,,2.3,435.0859832763672,738.6313171386719,
4,LABORATOR (2).pdf,without coating,numeric,51.8,cylindric radial cutter,,,,,4.0,42,808 104 274 518 016,1.0,,1.6,515.3780364990234,753.4953308105469,
4,LABORATOR (2).pdf,without coating,numeric,52.8,cylindric radial cutter,,,,,4.0,42,808 104 274 528 016,1.0,,1.6,515.3780670166016,738.6313171386719,
6,LABORATOR (2).pdf,without coating,numeric,51.4,radial cutter conical,all_catalogs_products/laborator-2/images/page50_xref1278.png,133,161,,0.0,50,809 900 356 514 200,9.0,,20.0,349.5813903808594,572.2616882324219,
6,LABORATOR (2).pdf,without coating,numeric,52.4,radial cutter conical,all_catalogs_products/laborator-2/images/page50_xref1279.png,133,159,,0.0,50,809 900 356 524 200,9.0,,20.0,113.84540557861328,572.2616882324219,
4,LABORATOR (2).pdf,ac-crystal,numeric,52.4,,,,,,4.0,53,855 104 014 524 050,1.0,5.0,5.0,113.90036392211914,754.4068298339844,
7,LABORATOR (2).pdf,ac-crystal,numeric,52.4,cutter cylindric blunt-edged,,,,,4.0,53,855 104 107 524 050,1.0,,5.0,194.1344223022461,754.4068298339844,
3,LABORATOR (2).pdf,ac-crystal,numeric,52.4,cutter cylindric blunt-edged,,,,,4.0,53,855 104 173 524 035,1.0,,3.5,274.4226379394531,754.4068298339844,
7,LABORATOR (2).pdf,ac-crystal,numeric,52.4,cutter cylindric blunt-edged,,,,,4.0,53,855 104 197 524 040,1.0,,4.0,354.71482849121094,754.4068298339844,
3,LABORATOR (2).pdf,ac-crystal,numeric,52.4,cylindric radial cutter,,,,,4.0,53,855 104 243 524 035,1.0,,3.5,435.00315856933594,754.4068298339844,
2,LABORATOR (2).pdf,ac-crystal,numeric,52.4,radial cutter conical,,,,,4.0,53,855 104 372 524 120,1.0,,12.0,515.2333984375,754.4068298339844,
